{
   "countFinishedTraining" : 0,
   "imagePath" : "beginnersTraining.png",
   "isImagePathExternal" : false,
   "name" : "My first training",
   "orderNr" : 2,
   "trainingPlanId" : 0,
   "workoutSessions" : [
      {
         "finished" : false,
         "name" : "1. day",
         "orderNr" : 0,
         "trainingPlanId" : 19,
         "workoutItems" : [
            {
               "breakTime" : 30,
               "description" : "Stand up with your legs spread and your hands touching overhead. Then as you jump, bring your legs back together and put your arms to your sides. You can speed these up or slow them down to suit your fitness level.",
               "elapsedTime" : 4,
               "finished" : true,
               "imagePath" : "jumping_jack.png",
               "isImagePathExternal" : false,
               "isTimeMode" : true,
               "isVideoPathExternal" : false,
               "name" : "Jumping Jack",
               "orderNr" : -1,
               "prepTime" : 5,
               "repetitionCount" : 5,
               "videoPath" : "jumping_jack.mp4",
               "workoutItemId" : 0,
               "workoutSessionId" : 487,
               "workoutTime" : 15
            },
            {
               "breakTime" : 30,
               "description" : "Stand facing a sturdy chair or bench. Step up onto the chair or bench with your left leg, coming all the way up to stand on it with both feet fully. Then step back down and come back up, starting with your right leg this time.",
               "elapsedTime" : 0,
               "finished" : true,
               "imagePath" : "step_up.png",
               "isImagePathExternal" : false,
               "isTimeMode" : false,
               "isVideoPathExternal" : false,
               "name" : "Step up",
               "orderNr" : -1,
               "prepTime" : 5,
               "repetitionCount" : 5,
               "videoPath" : "step_up.mp4",
               "workoutItemId" : 0,
               "workoutSessionId" : 487,
               "workoutTime" : 30
            },
            {
               "breakTime" : 30,
               "description" : "Get into a plank position on the floor or mat, feet together with toes tucked under, hands planted flat below your shoulders. Slowly bend your elbows and lower your body toward the floor, as far down as you can go keeping back and hips level. Then press back up and repeat.",
               "elapsedTime" : 0,
               "finished" : true,
               "imagePath" : "push_ups.png",
               "isImagePathExternal" : false,
               "isTimeMode" : false,
               "isVideoPathExternal" : false,
               "name" : "Push Ups",
               "orderNr" : -1,
               "prepTime" : 5,
               "repetitionCount" : 2,
               "videoPath" : "push_ups.mp4",
               "workoutItemId" : 0,
               "workoutSessionId" : 487,
               "workoutTime" : 30
            },
            {
               "breakTime" : 30,
               "description" : "Start with a basic crunch: Lie flat on your back, with your knees bent and feet on floor. Tighten your core. Press your lower back into the mat and reach toward top of knees. Return to starting position but keep core tight and repeat.",
               "elapsedTime" : 0,
               "finished" : false,
               "imagePath" : "abdonminal_crunch.png",
               "isImagePathExternal" : false,
               "isTimeMode" : false,
               "isVideoPathExternal" : false,
               "name" : "Abdonminal crunch",
               "orderNr" : -1,
               "prepTime" : 5,
               "repetitionCount" : 5,
               "videoPath" : "abdonminal_crunch.mp4",
               "workoutItemId" : 0,
               "workoutSessionId" : 487,
               "workoutTime" : 30
            },
            {
               "breakTime" : 30,
               "description" : "Lie on your stomach on an exercise mat, with your elbows close to your sides, palms down and fingers facing forward. Lift your torso and thighs off the floor, keeping your body straight. Rest your weight on your elbows and your feet, with toes tucked toward shins. Use your core muscles, and stay in this position.",
               "elapsedTime" : 0,
               "finished" : false,
               "imagePath" : "plank.png",
               "isImagePathExternal" : false,
               "isTimeMode" : true,
               "isVideoPathExternal" : false,
               "name" : "Plank",
               "orderNr" : -1,
               "prepTime" : 5,
               "repetitionCount" : 5,
               "videoPath" : "plank.mp4",
               "workoutItemId" : 0,
               "workoutSessionId" : 487,
               "workoutTime" : 5
            }
         ],
         "workoutSessionId" : 0
      },
      {
         "finished" : false,
         "name" : "2. day",
         "orderNr" : 1,
         "trainingPlanId" : 19,
         "workoutItems" : [
            {
               "breakTime" : 30,
               "description" : "Stand up with your legs spread and your hands touching overhead. Then as you jump, bring your legs back together and put your arms to your sides. You can speed these up or slow them down to suit your fitness level.",
               "elapsedTime" : 0,
               "finished" : false,
               "imagePath" : "jumping_jack.png",
               "isImagePathExternal" : false,
               "isTimeMode" : true,
               "isVideoPathExternal" : false,
               "name" : "Jumping Jack",
               "orderNr" : -1,
               "prepTime" : 5,
               "repetitionCount" : 5,
               "videoPath" : "jumping_jack.mp4",
               "workoutItemId" : 0,
               "workoutSessionId" : 488,
               "workoutTime" : 15
            },
            {
               "breakTime" : 30,
               "description" : "Stand facing a sturdy chair or bench. Step up onto the chair or bench with your left leg, coming all the way up to stand on it with both feet fully. Then step back down and come back up, starting with your right leg this time.",
               "elapsedTime" : 0,
               "finished" : false,
               "imagePath" : "step_up.png",
               "isImagePathExternal" : false,
               "isTimeMode" : false,
               "isVideoPathExternal" : false,
               "name" : "Step up",
               "orderNr" : -1,
               "prepTime" : 5,
               "repetitionCount" : 10,
               "videoPath" : "step_up.mp4",
               "workoutItemId" : 0,
               "workoutSessionId" : 488,
               "workoutTime" : 30
            },
            {
               "breakTime" : 30,
               "description" : "Get into a plank position on the floor or mat, feet together with toes tucked under, hands planted flat below your shoulders. Slowly bend your elbows and lower your body toward the floor, as far down as you can go keeping back and hips level. Then press back up and repeat.",
               "elapsedTime" : 0,
               "finished" : false,
               "imagePath" : "push_ups.png",
               "isImagePathExternal" : false,
               "isTimeMode" : false,
               "isVideoPathExternal" : false,
               "name" : "Push Ups",
               "orderNr" : -1,
               "prepTime" : 5,
               "repetitionCount" : 3,
               "videoPath" : "push_ups.mp4",
               "workoutItemId" : 0,
               "workoutSessionId" : 488,
               "workoutTime" : 30
            },
            {
               "breakTime" : 30,
               "description" : "Start with a basic crunch: Lie flat on your back, with your knees bent and feet on floor. Tighten your core. Press your lower back into the mat and reach toward top of knees. Return to starting position but keep core tight and repeat.",
               "elapsedTime" : 0,
               "finished" : false,
               "imagePath" : "abdonminal_crunch.png",
               "isImagePathExternal" : false,
               "isTimeMode" : false,
               "isVideoPathExternal" : false,
               "name" : "Abdonminal crunch",
               "orderNr" : -1,
               "prepTime" : 5,
               "repetitionCount" : 10,
               "videoPath" : "abdonminal_crunch.mp4",
               "workoutItemId" : 0,
               "workoutSessionId" : 488,
               "workoutTime" : 30
            },
            {
               "breakTime" : 30,
               "description" : "Lie on your stomach on an exercise mat, with your elbows close to your sides, palms down and fingers facing forward. Lift your torso and thighs off the floor, keeping your body straight. Rest your weight on your elbows and your feet, with toes tucked toward shins. Use your core muscles, and stay in this position.",
               "elapsedTime" : 0,
               "finished" : false,
               "imagePath" : "plank.png",
               "isImagePathExternal" : false,
               "isTimeMode" : true,
               "isVideoPathExternal" : false,
               "name" : "Plank",
               "orderNr" : -1,
               "prepTime" : 5,
               "repetitionCount" : 5,
               "videoPath" : "plank.mp4",
               "workoutItemId" : 0,
               "workoutSessionId" : 488,
               "workoutTime" : 10
            }
         ],
         "workoutSessionId" : 0
      },
      {
         "finished" : false,
         "name" : "3. day",
         "orderNr" : 2,
         "trainingPlanId" : 19,
         "workoutItems" : [
            {
               "breakTime" : 30,
               "description" : "Stand up with your legs spread and your hands touching overhead. Then as you jump, bring your legs back together and put your arms to your sides. You can speed these up or slow them down to suit your fitness level.",
               "elapsedTime" : 0,
               "finished" : false,
               "imagePath" : "jumping_jack.png",
               "isImagePathExternal" : false,
               "isTimeMode" : true,
               "isVideoPathExternal" : false,
               "name" : "Jumping Jack",
               "orderNr" : -1,
               "prepTime" : 5,
               "repetitionCount" : 5,
               "videoPath" : "jumping_jack.mp4",
               "workoutItemId" : 0,
               "workoutSessionId" : 489,
               "workoutTime" : 18
            },
            {
               "breakTime" : 30,
               "description" : "Sit on the front edge of a stable and sturdy chair or bench, and put your palms on the edge, fingers pointing forward or slightly toward you. Ease off the chair, supporting your weight with your heels and your palms. Slowly bend your elbows as you lower yourself toward the floor, then push back up.",
               "elapsedTime" : 0,
               "finished" : false,
               "imagePath" : "tricep_dips.png",
               "isImagePathExternal" : false,
               "isTimeMode" : false,
               "isVideoPathExternal" : false,
               "name" : "Triceps dip",
               "orderNr" : -1,
               "prepTime" : 5,
               "repetitionCount" : 4,
               "videoPath" : "tricep_dips.mp4",
               "workoutItemId" : 0,
               "workoutSessionId" : 489,
               "workoutTime" : 30
            },
            {
               "breakTime" : 30,
               "description" : "Stand with your feet shoulder-width apart and toes forward. Bend your knees as you hinge at the hips, shifting them back and down like you’re about to sit in a chair. Lower yourself as far as you comfortably can, keeping most of your weight on your heels. Stand back up.",
               "elapsedTime" : 0,
               "finished" : false,
               "imagePath" : "squad.png",
               "isImagePathExternal" : false,
               "isTimeMode" : false,
               "isVideoPathExternal" : false,
               "name" : "Squat",
               "orderNr" : -1,
               "prepTime" : 5,
               "repetitionCount" : 10,
               "videoPath" : "squad.mp4",
               "workoutItemId" : 0,
               "workoutSessionId" : 489,
               "workoutTime" : 30
            },
            {
               "breakTime" : 30,
               "description" : "Start with a basic crunch: Lie flat on your back, with your knees bent and feet on floor. Tighten your core. Press your lower back into the mat and reach toward top of knees. Return to starting position but keep core tight and repeat.",
               "elapsedTime" : 0,
               "finished" : false,
               "imagePath" : "abdonminal_crunch.png",
               "isImagePathExternal" : false,
               "isTimeMode" : false,
               "isVideoPathExternal" : false,
               "name" : "Abdonminal crunch",
               "orderNr" : -1,
               "prepTime" : 5,
               "repetitionCount" : 10,
               "videoPath" : "abdonminal_crunch.mp4",
               "workoutItemId" : 0,
               "workoutSessionId" : 489,
               "workoutTime" : 30
            },
            {
               "breakTime" : 30,
               "description" : "Lie on your stomach on an exercise mat, with your elbows close to your sides, palms down and fingers facing forward. Lift your torso and thighs off the floor, keeping your body straight. Rest your weight on your elbows and your feet, with toes tucked toward shins. Use your core muscles, and stay in this position.",
               "elapsedTime" : 0,
               "finished" : false,
               "imagePath" : "plank.png",
               "isImagePathExternal" : false,
               "isTimeMode" : true,
               "isVideoPathExternal" : false,
               "name" : "Plank",
               "orderNr" : -1,
               "prepTime" : 5,
               "repetitionCount" : 5,
               "videoPath" : "plank.mp4",
               "workoutItemId" : 0,
               "workoutSessionId" : 489,
               "workoutTime" : 15
            }
         ],
         "workoutSessionId" : 0
      },
      {
         "finished" : false,
         "name" : "4. day",
         "orderNr" : 3,
         "trainingPlanId" : 19,
         "workoutItems" : [
            {
               "breakTime" : 30,
               "description" : "Stand up with your legs spread and your hands touching overhead. Then as you jump, bring your legs back together and put your arms to your sides. You can speed these up or slow them down to suit your fitness level.",
               "elapsedTime" : 0,
               "finished" : false,
               "imagePath" : "jumping_jack.png",
               "isImagePathExternal" : false,
               "isTimeMode" : true,
               "isVideoPathExternal" : false,
               "name" : "Jumping Jack",
               "orderNr" : -1,
               "prepTime" : 5,
               "repetitionCount" : 5,
               "videoPath" : "jumping_jack.mp4",
               "workoutItemId" : 0,
               "workoutSessionId" : 490,
               "workoutTime" : 22
            },
            {
               "breakTime" : 30,
               "description" : "Run in place, bringing your knees up as high as you can with each step. Focus on lifting your knees up and down rapidly. Try holding your palms out in front of you at waist height, working to smack your knee into your palm with each step.",
               "elapsedTime" : 0,
               "finished" : false,
               "imagePath" : "high_knees.png",
               "isImagePathExternal" : false,
               "isTimeMode" : true,
               "isVideoPathExternal" : false,
               "name" : "High knees",
               "orderNr" : -1,
               "prepTime" : 5,
               "repetitionCount" : 5,
               "videoPath" : "high_knees.mp4",
               "workoutItemId" : 0,
               "workoutSessionId" : 490,
               "workoutTime" : 10
            },
            {
               "breakTime" : 30,
               "description" : "Stand with your feet together. Step forward on your right foot, dropping your pelvis down toward the floor (not forward), lowering yourself until both front and back knees are bent as close to a 90-degree angle as possible. Then push back with the front leg and return to your starting position. Switch legs.",
               "elapsedTime" : 0,
               "finished" : false,
               "imagePath" : "lunge.png",
               "isImagePathExternal" : false,
               "isTimeMode" : false,
               "isVideoPathExternal" : false,
               "name" : "Lunge",
               "orderNr" : -1,
               "prepTime" : 5,
               "repetitionCount" : 12,
               "videoPath" : "lunge.mp4",
               "workoutItemId" : 0,
               "workoutSessionId" : 490,
               "workoutTime" : 30
            },
            {
               "breakTime" : 30,
               "description" : "Start in a standard push-up position. Begin a traditional push-up, but as you come back up, shift your weight onto your left side. Rotate your upper body and extend your right arm straight up toward the ceiling. Return to your starting position, then repeat with right side.",
               "elapsedTime" : 0,
               "finished" : false,
               "imagePath" : "push_up_rotation.png",
               "isImagePathExternal" : false,
               "isTimeMode" : false,
               "isVideoPathExternal" : false,
               "name" : "Push up rotation",
               "orderNr" : -1,
               "prepTime" : 5,
               "repetitionCount" : 4,
               "videoPath" : "push_up_rotation.mp4",
               "workoutItemId" : 0,
               "workoutSessionId" : 490,
               "workoutTime" : 30
            },
            {
               "breakTime" : 30,
               "description" : "Lie on your stomach on an exercise mat, with your elbows close to your sides, palms down and fingers facing forward. Lift your torso and thighs off the floor, keeping your body straight. Rest your weight on your elbows and your feet, with toes tucked toward shins. Use your core muscles, and stay in this position.",
               "elapsedTime" : 0,
               "finished" : false,
               "imagePath" : "plank.png",
               "isImagePathExternal" : false,
               "isTimeMode" : true,
               "isVideoPathExternal" : false,
               "name" : "Plank",
               "orderNr" : -1,
               "prepTime" : 5,
               "repetitionCount" : 5,
               "videoPath" : "plank.mp4",
               "workoutItemId" : 0,
               "workoutSessionId" : 490,
               "workoutTime" : 15
            }
         ],
         "workoutSessionId" : 0
      },
      {
         "finished" : false,
         "name" : "5. day",
         "orderNr" : 4,
         "trainingPlanId" : 19,
         "workoutItems" : [
            {
               "breakTime" : 30,
               "description" : "Stand up with your legs spread and your hands touching overhead. Then as you jump, bring your legs back together and put your arms to your sides. You can speed these up or slow them down to suit your fitness level.",
               "elapsedTime" : 0,
               "finished" : false,
               "imagePath" : "jumping_jack.png",
               "isImagePathExternal" : false,
               "isTimeMode" : true,
               "isVideoPathExternal" : false,
               "name" : "Jumping Jack",
               "orderNr" : 0,
               "prepTime" : 5,
               "repetitionCount" : 5,
               "videoPath" : "jumping_jack.mp4",
               "workoutItemId" : 0,
               "workoutSessionId" : 510,
               "workoutTime" : 56
            },
            {
               "breakTime" : 30,
               "description" : "Stand facing a sturdy chair or bench. Step up onto the chair or bench with your left leg, coming all the way up to stand on it with both feet fully. Then step back down and come back up, starting with your right leg this time.",
               "elapsedTime" : 0,
               "finished" : false,
               "imagePath" : "step_up.png",
               "isImagePathExternal" : false,
               "isTimeMode" : false,
               "isVideoPathExternal" : false,
               "name" : "Step up",
               "orderNr" : 1,
               "prepTime" : 5,
               "repetitionCount" : 26,
               "videoPath" : "step_up.mp4",
               "workoutItemId" : 0,
               "workoutSessionId" : 510,
               "workoutTime" : 30
            },
            {
               "breakTime" : 30,
               "description" : "Run in place, bringing your knees up as high as you can with each step. Focus on lifting your knees up and down rapidly. Try holding your palms out in front of you at waist height, working to smack your knee into your palm with each step.",
               "elapsedTime" : 0,
               "finished" : false,
               "imagePath" : "high_knees.png",
               "isImagePathExternal" : false,
               "isTimeMode" : true,
               "isVideoPathExternal" : false,
               "name" : "High knees",
               "orderNr" : 2,
               "prepTime" : 5,
               "repetitionCount" : 5,
               "videoPath" : "high_knees.mp4",
               "workoutItemId" : 0,
               "workoutSessionId" : 510,
               "workoutTime" : 24
            },
            {
               "breakTime" : 30,
               "description" : "Start in a standard push-up position. Begin a traditional push-up, but as you come back up, shift your weight onto your left side. Rotate your upper body and extend your right arm straight up toward the ceiling. Return to your starting position, then repeat with right side.",
               "elapsedTime" : 0,
               "finished" : false,
               "imagePath" : "push_up_rotation.png",
               "isImagePathExternal" : false,
               "isTimeMode" : false,
               "isVideoPathExternal" : false,
               "name" : "Push up rotation",
               "orderNr" : 3,
               "prepTime" : 5,
               "repetitionCount" : 10,
               "videoPath" : "push_up_rotation.mp4",
               "workoutItemId" : 0,
               "workoutSessionId" : 510,
               "workoutTime" : 30
            },
            {
               "breakTime" : 30,
               "description" : "Lie on your stomach on an exercise mat, with your elbows close to your sides, palms down and fingers facing forward. Lift your torso and thighs off the floor, keeping your body straight. Rest your weight on your elbows and your feet, with toes tucked toward shins. Use your core muscles, and stay in this position.",
               "elapsedTime" : 0,
               "finished" : false,
               "imagePath" : "plank.png",
               "isImagePathExternal" : false,
               "isTimeMode" : true,
               "isVideoPathExternal" : false,
               "name" : "Plank",
               "orderNr" : 4,
               "prepTime" : 5,
               "repetitionCount" : 5,
               "videoPath" : "plank.mp4",
               "workoutItemId" : 0,
               "workoutSessionId" : 510,
               "workoutTime" : 40
            }
         ],
         "workoutSessionId" : 0
      },
      {
         "finished" : false,
         "name" : "6. day",
         "orderNr" : 5,
         "trainingPlanId" : 19,
         "workoutItems" : [
            {
               "breakTime" : 30,
               "description" : "Stand up with your legs spread and your hands touching overhead. Then as you jump, bring your legs back together and put your arms to your sides. You can speed these up or slow them down to suit your fitness level.",
               "elapsedTime" : 0,
               "finished" : false,
               "imagePath" : "jumping_jack.png",
               "isImagePathExternal" : false,
               "isTimeMode" : true,
               "isVideoPathExternal" : false,
               "name" : "Jumping Jack",
               "orderNr" : -1,
               "prepTime" : 5,
               "repetitionCount" : 5,
               "videoPath" : "jumping_jack.mp4",
               "workoutItemId" : 0,
               "workoutSessionId" : 511,
               "workoutTime" : 24
            },
            {
               "breakTime" : 30,
               "description" : "Stand facing a sturdy chair or bench. Step up onto the chair or bench with your left leg, coming all the way up to stand on it with both feet fully. Then step back down and come back up, starting with your right leg this time.",
               "elapsedTime" : 0,
               "finished" : false,
               "imagePath" : "step_up.png",
               "isImagePathExternal" : false,
               "isTimeMode" : false,
               "isVideoPathExternal" : false,
               "name" : "Step up",
               "orderNr" : -1,
               "prepTime" : 5,
               "repetitionCount" : 8,
               "videoPath" : "step_up.mp4",
               "workoutItemId" : 0,
               "workoutSessionId" : 511,
               "workoutTime" : 30
            },
            {
               "breakTime" : 30,
               "description" : "Get into a plank position on the floor or mat, feet together with toes tucked under, hands planted flat below your shoulders. Slowly bend your elbows and lower your body toward the floor, as far down as you can go keeping back and hips level. Then press back up and repeat.",
               "elapsedTime" : 0,
               "finished" : false,
               "imagePath" : "push_ups.png",
               "isImagePathExternal" : false,
               "isTimeMode" : false,
               "isVideoPathExternal" : false,
               "name" : "Push Ups",
               "orderNr" : -1,
               "prepTime" : 5,
               "repetitionCount" : 3,
               "videoPath" : "push_ups.mp4",
               "workoutItemId" : 0,
               "workoutSessionId" : 511,
               "workoutTime" : 30
            },
            {
               "breakTime" : 30,
               "description" : "Start with a basic crunch: Lie flat on your back, with your knees bent and feet on floor. Tighten your core. Press your lower back into the mat and reach toward top of knees. Return to starting position but keep core tight and repeat.",
               "elapsedTime" : 0,
               "finished" : false,
               "imagePath" : "abdonminal_crunch.png",
               "isImagePathExternal" : false,
               "isTimeMode" : false,
               "isVideoPathExternal" : false,
               "name" : "Abdonminal crunch",
               "orderNr" : -1,
               "prepTime" : 5,
               "repetitionCount" : 8,
               "videoPath" : "abdonminal_crunch.mp4",
               "workoutItemId" : 0,
               "workoutSessionId" : 511,
               "workoutTime" : 30
            },
            {
               "breakTime" : 30,
               "description" : "Lie on your stomach on an exercise mat, with your elbows close to your sides, palms down and fingers facing forward. Lift your torso and thighs off the floor, keeping your body straight. Rest your weight on your elbows and your feet, with toes tucked toward shins. Use your core muscles, and stay in this position.",
               "elapsedTime" : 0,
               "finished" : false,
               "imagePath" : "plank.png",
               "isImagePathExternal" : false,
               "isTimeMode" : true,
               "isVideoPathExternal" : false,
               "name" : "Plank",
               "orderNr" : -1,
               "prepTime" : 5,
               "repetitionCount" : 5,
               "videoPath" : "plank.mp4",
               "workoutItemId" : 0,
               "workoutSessionId" : 511,
               "workoutTime" : 8
            }
         ],
         "workoutSessionId" : 0
      },
      {
         "finished" : false,
         "name" : "7. day",
         "orderNr" : 6,
         "trainingPlanId" : 19,
         "workoutItems" : [
            {
               "breakTime" : 30,
               "description" : "Stand up with your legs spread and your hands touching overhead. Then as you jump, bring your legs back together and put your arms to your sides. You can speed these up or slow them down to suit your fitness level.",
               "elapsedTime" : 0,
               "finished" : false,
               "imagePath" : "jumping_jack.png",
               "isImagePathExternal" : false,
               "isTimeMode" : true,
               "isVideoPathExternal" : false,
               "name" : "Jumping Jack",
               "orderNr" : -1,
               "prepTime" : 5,
               "repetitionCount" : 5,
               "videoPath" : "jumping_jack.mp4",
               "workoutItemId" : 0,
               "workoutSessionId" : 512,
               "workoutTime" : 24
            },
            {
               "breakTime" : 30,
               "description" : "Stand facing a sturdy chair or bench. Step up onto the chair or bench with your left leg, coming all the way up to stand on it with both feet fully. Then step back down and come back up, starting with your right leg this time.",
               "elapsedTime" : 0,
               "finished" : false,
               "imagePath" : "step_up.png",
               "isImagePathExternal" : false,
               "isTimeMode" : false,
               "isVideoPathExternal" : false,
               "name" : "Step up",
               "orderNr" : -1,
               "prepTime" : 5,
               "repetitionCount" : 16,
               "videoPath" : "step_up.mp4",
               "workoutItemId" : 0,
               "workoutSessionId" : 512,
               "workoutTime" : 30
            },
            {
               "breakTime" : 30,
               "description" : "Get into a plank position on the floor or mat, feet together with toes tucked under, hands planted flat below your shoulders. Slowly bend your elbows and lower your body toward the floor, as far down as you can go keeping back and hips level. Then press back up and repeat.",
               "elapsedTime" : 0,
               "finished" : false,
               "imagePath" : "push_ups.png",
               "isImagePathExternal" : false,
               "isTimeMode" : false,
               "isVideoPathExternal" : false,
               "name" : "Push Ups",
               "orderNr" : -1,
               "prepTime" : 5,
               "repetitionCount" : 5,
               "videoPath" : "push_ups.mp4",
               "workoutItemId" : 0,
               "workoutSessionId" : 512,
               "workoutTime" : 30
            },
            {
               "breakTime" : 30,
               "description" : "Start with a basic crunch: Lie flat on your back, with your knees bent and feet on floor. Tighten your core. Press your lower back into the mat and reach toward top of knees. Return to starting position but keep core tight and repeat.",
               "elapsedTime" : 0,
               "finished" : false,
               "imagePath" : "abdonminal_crunch.png",
               "isImagePathExternal" : false,
               "isTimeMode" : false,
               "isVideoPathExternal" : false,
               "name" : "Abdonminal crunch",
               "orderNr" : -1,
               "prepTime" : 5,
               "repetitionCount" : 16,
               "videoPath" : "abdonminal_crunch.mp4",
               "workoutItemId" : 0,
               "workoutSessionId" : 512,
               "workoutTime" : 30
            },
            {
               "breakTime" : 30,
               "description" : "Lie on your stomach on an exercise mat, with your elbows close to your sides, palms down and fingers facing forward. Lift your torso and thighs off the floor, keeping your body straight. Rest your weight on your elbows and your feet, with toes tucked toward shins. Use your core muscles, and stay in this position.",
               "elapsedTime" : 0,
               "finished" : false,
               "imagePath" : "plank.png",
               "isImagePathExternal" : false,
               "isTimeMode" : true,
               "isVideoPathExternal" : false,
               "name" : "Plank",
               "orderNr" : -1,
               "prepTime" : 5,
               "repetitionCount" : 5,
               "videoPath" : "plank.mp4",
               "workoutItemId" : 0,
               "workoutSessionId" : 512,
               "workoutTime" : 16
            }
         ],
         "workoutSessionId" : 0
      }
   ]
}
