{
   "countFinishedTraining" : 0,
   "imagePath" : "file:///data/user/0/com.health.openworkout/files/My%20custom%20full%20training/image/logo.png",
   "isImagePathExternal" : true,
   "name" : "My custom full training",
   "orderNr" : 0,
   "trainingPlanId" : 0,
   "workoutSessions" : [
      {
         "finished" : false,
         "name" : "1. day",
         "orderNr" : 0,
         "trainingPlanId" : 5,
         "workoutItems" : [
		    {
		       "breakTime" : 30,
		       "description" : "lying_toe_taps with count 30 stress 1.0",
		       "elapsedTime" : 0,
		       "finished" : false,
		       "imagePath" : "file:///data/user/0/com.health.openworkout/files/My%20custom%20full%20training/image/lying_toe_taps.png",
		       "isImagePathExternal" : true,
		       "isTimeMode" : false,
		       "isVideoPathExternal" : true,
		       "name" : "lying_toe_taps",
		       "orderNr" : -1,
		       "prepTime" : 5,
		       "repetitionCount" : 30,
		       "videoPath" : "file:///data/user/0/com.health.openworkout/files/My%20custom%20full%20training/video/lying_toe_taps.mp4",
		       "workoutItemId" : 0,
		       "workoutSessionId" : 0,
		       "workoutTime" : 30
		    },
		    {
		       "breakTime" : 30,
		       "description" : "donkey_kick with count 25 stress 1.0",
		       "elapsedTime" : 0,
		       "finished" : false,
		       "imagePath" : "donkey_kick.png",
		       "isImagePathExternal" : false,
		       "isTimeMode" : false,
		       "isVideoPathExternal" : false,
		       "name" : "donkey_kick",
		       "orderNr" : -1,
		       "prepTime" : 5,
		       "repetitionCount" : 25,
		       "videoPath" : "donkey_kick.mp4",
		       "workoutItemId" : 0,
		       "workoutSessionId" : 0,
		       "workoutTime" : 30
		    },
		    {
		       "breakTime" : 30,
		       "description" : "inchworm with count 25 stress 1.0",
		       "elapsedTime" : 0,
		       "finished" : false,
		       "imagePath" : "file:///data/user/0/com.health.openworkout/files/My%20custom%20full%20training/image/inchworm.png",
		       "isImagePathExternal" : true,
		       "isTimeMode" : false,
		       "isVideoPathExternal" : true,
		       "name" : "inchworm",
		       "orderNr" : -1,
		       "prepTime" : 5,
		       "repetitionCount" : 25,
		       "videoPath" : "file:///data/user/0/com.health.openworkout/files/My%20custom%20full%20training/video/inchworm.mp4",
		       "workoutItemId" : 0,
		       "workoutSessionId" : 0,
		       "workoutTime" : 30
		    },
		    {
		       "breakTime" : 30,
		       "description" : "high_knees with count 15 stress 1.0",
		       "elapsedTime" : 0,
		       "finished" : false,
		       "imagePath" : "high_knees.png",
		       "isImagePathExternal" : false,
		       "isTimeMode" : false,
		       "isVideoPathExternal" : false,
		       "name" : "high_knees",
		       "orderNr" : -1,
		       "prepTime" : 5,
		       "repetitionCount" : 15,
		       "videoPath" : "high_knees.mp4",
		       "workoutItemId" : 0,
		       "workoutSessionId" : 0,
		       "workoutTime" : 30
		    },
		    {
		       "breakTime" : 30,
		       "description" : "cradle_walk with count 10 stress 1.0",
		       "elapsedTime" : 0,
		       "finished" : false,
		       "imagePath" : "file:///data/user/0/com.health.openworkout/files/My%20custom%20full%20training/image/cradle_walk.png",
		       "isImagePathExternal" : true,
		       "isTimeMode" : false,
		       "isVideoPathExternal" : true,
		       "name" : "cradle_walk",
		       "orderNr" : -1,
		       "prepTime" : 5,
		       "repetitionCount" : 10,
		       "videoPath" : "file:///data/user/0/com.health.openworkout/files/My%20custom%20full%20training/video/cradle_walk.mp4",
		       "workoutItemId" : 0,
		       "workoutSessionId" : 0,
		       "workoutTime" : 30
		    },
		    {
		       "breakTime" : 30,
		       "description" : "victory with count 30 stress 1.0",
		       "elapsedTime" : 0,
		       "finished" : false,
		       "imagePath" : "victory.png",
		       "isImagePathExternal" : false,
		       "isTimeMode" : false,
		       "isVideoPathExternal" : false,
		       "name" : "victory",
		       "orderNr" : -1,
		       "prepTime" : 5,
		       "repetitionCount" : 30,
		       "videoPath" : "victory.mp4",
		       "workoutItemId" : 0,
		       "workoutSessionId" : 0,
		       "workoutTime" : 30
		    }
         ],
         "workoutSessionId" : 0
      },
      {
         "finished" : false,
         "name" : "2. day",
         "orderNr" : 1,
         "trainingPlanId" : 5,
         "workoutItems" : [
		    {
		       "breakTime" : 30,
		       "description" : "abdonminal_crunch with count 30 stress 1.0",
		       "elapsedTime" : 0,
		       "finished" : false,
		       "imagePath" : "abdonminal_crunch.png",
		       "isImagePathExternal" : false,
		       "isTimeMode" : false,
		       "isVideoPathExternal" : false,
		       "name" : "abdonminal_crunch",
		       "orderNr" : -1,
		       "prepTime" : 5,
		       "repetitionCount" : 30,
		       "videoPath" : "abdonminal_crunch.mp4",
		       "workoutItemId" : 0,
		       "workoutSessionId" : 0,
		       "workoutTime" : 30
		    },
		    {
		       "breakTime" : 30,
		       "description" : "modified_push_up_to_forearms with count 25 stress 1.0",
		       "elapsedTime" : 0,
		       "finished" : false,
		       "imagePath" : "file:///data/user/0/com.health.openworkout/files/My%20custom%20full%20training/image/modified_push_up_to_forearms.png",
		       "isImagePathExternal" : true,
		       "isTimeMode" : false,
		       "isVideoPathExternal" : true,
		       "name" : "modified_push_up_to_forearms",
		       "orderNr" : -1,
		       "prepTime" : 5,
		       "repetitionCount" : 25,
		       "videoPath" : "file:///data/user/0/com.health.openworkout/files/My%20custom%20full%20training/video/modified_push_up_to_forearms.mp4",
		       "workoutItemId" : 0,
		       "workoutSessionId" : 0,
		       "workoutTime" : 30
		    },
		    {
		       "breakTime" : 30,
		       "description" : "air_squad_bent_arms with count 25 stress 1.0",
		       "elapsedTime" : 0,
		       "finished" : false,
		       "imagePath" : "air_squad_bent_arms.png",
		       "isImagePathExternal" : false,
		       "isTimeMode" : false,
		       "isVideoPathExternal" : false,
		       "name" : "air_squad_bent_arms",
		       "orderNr" : -1,
		       "prepTime" : 5,
		       "repetitionCount" : 25,
		       "videoPath" : "air_squad_bent_arms.mp4",
		       "workoutItemId" : 0,
		       "workoutSessionId" : 0,
		       "workoutTime" : 30
		    },
		    {
		       "breakTime" : 30,
		       "description" : "mountain_climbers with count 15 stress 1.0",
		       "elapsedTime" : 0,
		       "finished" : false,
		       "imagePath" : "mountain_climbers.png",
		       "isImagePathExternal" : false,
		       "isTimeMode" : false,
		       "isVideoPathExternal" : false,
		       "name" : "mountain_climbers",
		       "orderNr" : -1,
		       "prepTime" : 5,
		       "repetitionCount" : 15,
		       "videoPath" : "mountain_climbers.mp4",
		       "workoutItemId" : 0,
		       "workoutSessionId" : 0,
		       "workoutTime" : 30
		    },
		    {
		       "breakTime" : 30,
		       "description" : "rocking_hollow_body_hold with count 10 stress 1.0",
		       "elapsedTime" : 0,
		       "finished" : false,
		       "imagePath" : "file:///data/user/0/com.health.openworkout/files/My%20custom%20full%20training/image/rocking_hollow_body_hold.png",
		       "isImagePathExternal" : true,
		       "isTimeMode" : true,
		       "isVideoPathExternal" : true,
		       "name" : "rocking_hollow_body_hold",
		       "orderNr" : -1,
		       "prepTime" : 5,
		       "repetitionCount" : 10,
		       "videoPath" : "file:///data/user/0/com.health.openworkout/files/My%20custom%20full%20training/video/rocking_hollow_body_hold.mp4",
		       "workoutItemId" : 0,
		       "workoutSessionId" : 0,
		       "workoutTime" : 30
		    },
		    {
		       "breakTime" : 30,
		       "description" : "victory with count 30 stress 1.0",
		       "elapsedTime" : 0,
		       "finished" : false,
		       "imagePath" : "victory.png",
		       "isImagePathExternal" : false,
		       "isTimeMode" : false,
		       "isVideoPathExternal" : false,
		       "name" : "victory",
		       "orderNr" : -1,
		       "prepTime" : 5,
		       "repetitionCount" : 30,
		       "videoPath" : "victory.mp4",
		       "workoutItemId" : 0,
		       "workoutSessionId" : 0,
		       "workoutTime" : 30
		    }
         ],
         "workoutSessionId" : 0
      },
      {
         "finished" : false,
         "name" : "3. day",
         "orderNr" : 2,
         "trainingPlanId" : 5,
         "workoutItems" : [
		    {
		       "breakTime" : 30,
		       "description" : "bicycle_crunch with count 30 stress 1.0",
		       "elapsedTime" : 0,
		       "finished" : false,
		       "imagePath" : "bicycle_crunch.png",
		       "isImagePathExternal" : false,
		       "isTimeMode" : false,
		       "isVideoPathExternal" : false,
		       "name" : "bicycle_crunch",
		       "orderNr" : -1,
		       "prepTime" : 5,
		       "repetitionCount" : 30,
		       "videoPath" : "bicycle_crunch.mp4",
		       "workoutItemId" : 0,
		       "workoutSessionId" : 0,
		       "workoutTime" : 30
		    },
		    {
		       "breakTime" : 30,
		       "description" : "hollow_body_hold with count 25 stress 1.0",
		       "elapsedTime" : 0,
		       "finished" : false,
		       "imagePath" : "file:///data/user/0/com.health.openworkout/files/My%20custom%20full%20training/image/hollow_body_hold.png",
		       "isImagePathExternal" : true,
		       "isTimeMode" : false,
		       "isVideoPathExternal" : true,
		       "name" : "hollow_body_hold",
		       "orderNr" : -1,
		       "prepTime" : 5,
		       "repetitionCount" : 25,
		       "videoPath" : "file:///data/user/0/com.health.openworkout/files/My%20custom%20full%20training/video/hollow_body_hold.mp4",
		       "workoutItemId" : 0,
		       "workoutSessionId" : 0,
		       "workoutTime" : 30
		    },
		    {
		       "breakTime" : 30,
		       "description" : "plank with count 25 stress 1.0",
		       "elapsedTime" : 0,
		       "finished" : false,
		       "imagePath" : "plank.png",
		       "isImagePathExternal" : false,
		       "isTimeMode" : true,
		       "isVideoPathExternal" : false,
		       "name" : "plank",
		       "orderNr" : -1,
		       "prepTime" : 5,
		       "repetitionCount" : 25,
		       "videoPath" : "plank.mp4",
		       "workoutItemId" : 0,
		       "workoutSessionId" : 0,
		       "workoutTime" : 30
		    },
		    {
		       "breakTime" : 30,
		       "description" : "side_plank_l with count 15 stress 1.0",
		       "elapsedTime" : 0,
		       "finished" : false,
		       "imagePath" : "file:///data/user/0/com.health.openworkout/files/My%20custom%20full%20training/image/side_plank_l.png",
		       "isImagePathExternal" : true,
		       "isTimeMode" : true,
		       "isVideoPathExternal" : true,
		       "name" : "side_plank_l",
		       "orderNr" : -1,
		       "prepTime" : 5,
		       "repetitionCount" : 15,
		       "videoPath" : "file:///data/user/0/com.health.openworkout/files/My%20custom%20full%20training/video/side_plank_l.mp4",
		       "workoutItemId" : 0,
		       "workoutSessionId" : 0,
		       "workoutTime" : 30
		    },
		    {
		       "breakTime" : 30,
		       "description" : "side_plank_r with count 15 stress 1.0",
		       "elapsedTime" : 0,
		       "finished" : false,
		       "imagePath" : "file:///data/user/0/com.health.openworkout/files/My%20custom%20full%20training/image/side_plank_r.png",
		       "isImagePathExternal" : true,
		       "isTimeMode" : true,
		       "isVideoPathExternal" : true,
		       "name" : "side_plank_r",
		       "orderNr" : -1,
		       "prepTime" : 5,
		       "repetitionCount" : 15,
		       "videoPath" : "file:///data/user/0/com.health.openworkout/files/My%20custom%20full%20training/video/side_plank_r.mp4",
		       "workoutItemId" : 0,
		       "workoutSessionId" : 0,
		       "workoutTime" : 30
		    },
		    {
		       "breakTime" : 30,
		       "description" : "pike_walk with count 10 stress 1.0",
		       "elapsedTime" : 0,
		       "finished" : false,
		       "imagePath" : "pike_walk.png",
		       "isImagePathExternal" : false,
		       "isTimeMode" : false,
		       "isVideoPathExternal" : false,
		       "name" : "pike_walk",
		       "orderNr" : -1,
		       "prepTime" : 5,
		       "repetitionCount" : 10,
		       "videoPath" : "pike_walk.mp4",
		       "workoutItemId" : 0,
		       "workoutSessionId" : 0,
		       "workoutTime" : 30
		    },
		    {
		       "breakTime" : 30,
		       "description" : "victory with count 30 stress 1.0",
		       "elapsedTime" : 0,
		       "finished" : false,
		       "imagePath" : "victory.png",
		       "isImagePathExternal" : false,
		       "isTimeMode" : false,
		       "isVideoPathExternal" : false,
		       "name" : "victory",
		       "orderNr" : -1,
		       "prepTime" : 5,
		       "repetitionCount" : 30,
		       "videoPath" : "victory.mp4",
		       "workoutItemId" : 0,
		       "workoutSessionId" : 0,
		       "workoutTime" : 30
		    }
         ],
         "workoutSessionId" : 0
      },
      {
         "finished" : false,
         "name" : "4. day",
         "orderNr" : 3,
         "trainingPlanId" : 5,
         "workoutItems" : [
		    {
		       "breakTime" : 30,
		       "description" : "arm_circles with count 30 stress 1.0",
		       "elapsedTime" : 0,
		       "finished" : false,
		       "imagePath" : "file:///data/user/0/com.health.openworkout/files/My%20custom%20full%20training/image/arm_circles.png",
		       "isImagePathExternal" : true,
		       "isTimeMode" : false,
		       "isVideoPathExternal" : true,
		       "name" : "arm_circles",
		       "orderNr" : -1,
		       "prepTime" : 5,
		       "repetitionCount" : 30,
		       "videoPath" : "file:///data/user/0/com.health.openworkout/files/My%20custom%20full%20training/video/arm_circles.mp4",
		       "workoutItemId" : 0,
		       "workoutSessionId" : 0,
		       "workoutTime" : 30
		    },
		    {
		       "breakTime" : 30,
		       "description" : "rocking_frog_stretch with count 25 stress 1.0",
		       "elapsedTime" : 0,
		       "finished" : false,
		       "imagePath" : "file:///data/user/0/com.health.openworkout/files/My%20custom%20full%20training/image/rocking_frog_stretch.png",
		       "isImagePathExternal" : true,
		       "isTimeMode" : false,
		       "isVideoPathExternal" : true,
		       "name" : "rocking_frog_stretch",
		       "orderNr" : -1,
		       "prepTime" : 5,
		       "repetitionCount" : 25,
		       "videoPath" : "file:///data/user/0/com.health.openworkout/files/My%20custom%20full%20training/video/rocking_frog_stretch.mp4",
		       "workoutItemId" : 0,
		       "workoutSessionId" : 0,
		       "workoutTime" : 30
		    },
		    {
		       "breakTime" : 30,
		       "description" : "side_lying_clam_l with count 25 stress 1.0",
		       "elapsedTime" : 0,
		       "finished" : false,
		       "imagePath" : "file:///data/user/0/com.health.openworkout/files/My%20custom%20full%20training/image/side_lying_clam_l.png",
		       "isImagePathExternal" : true,
		       "isTimeMode" : false,
		       "isVideoPathExternal" : true,
		       "name" : "side_lying_clam_l",
		       "orderNr" : -1,
		       "prepTime" : 5,
		       "repetitionCount" : 25,
		       "videoPath" : "file:///data/user/0/com.health.openworkout/files/My%20custom%20full%20training/video/side_lying_clam_l.mp4",
		       "workoutItemId" : 0,
		       "workoutSessionId" : 0,
		       "workoutTime" : 30
		    },
		    {
		       "breakTime" : 30,
		       "description" : "side_lying_clam_r with count 25 stress 1.0",
		       "elapsedTime" : 0,
		       "finished" : false,
		       "imagePath" : "file:///data/user/0/com.health.openworkout/files/My%20custom%20full%20training/image/side_lying_clam_r.png",
		       "isImagePathExternal" : true,
		       "isTimeMode" : false,
		       "isVideoPathExternal" : true,
		       "name" : "side_lying_clam_r",
		       "orderNr" : -1,
		       "prepTime" : 5,
		       "repetitionCount" : 25,
		       "videoPath" : "file:///data/user/0/com.health.openworkout/files/My%20custom%20full%20training/video/side_lying_clam_r.mp4",
		       "workoutItemId" : 0,
		       "workoutSessionId" : 0,
		       "workoutTime" : 30
		    },
		    {
		       "breakTime" : 30,
		       "description" : "standing_biceps_stretch with count 15 stress 1.0",
		       "elapsedTime" : 0,
		       "finished" : false,
		       "imagePath" : "file:///data/user/0/com.health.openworkout/files/My%20custom%20full%20training/image/standing_biceps_stretch.png",
		       "isImagePathExternal" : true,
		       "isTimeMode" : false,
		       "isVideoPathExternal" : true,
		       "name" : "standing_biceps_stretch",
		       "orderNr" : -1,
		       "prepTime" : 5,
		       "repetitionCount" : 15,
		       "videoPath" : "file:///data/user/0/com.health.openworkout/files/My%20custom%20full%20training/video/standing_biceps_stretch.mp4",
		       "workoutItemId" : 0,
		       "workoutSessionId" : 0,
		       "workoutTime" : 30
		    },
		    {
		       "breakTime" : 30,
		       "description" : "diamond_push_up with count 10 stress 1.0",
		       "elapsedTime" : 0,
		       "finished" : false,
		       "imagePath" : "file:///data/user/0/com.health.openworkout/files/My%20custom%20full%20training/image/diamond_push_up.png",
		       "isImagePathExternal" : true,
		       "isTimeMode" : false,
		       "isVideoPathExternal" : true,
		       "name" : "diamond_push_up",
		       "orderNr" : -1,
		       "prepTime" : 5,
		       "repetitionCount" : 10,
		       "videoPath" : "file:///data/user/0/com.health.openworkout/files/My%20custom%20full%20training/video/diamond_push_up.mp4",
		       "workoutItemId" : 0,
		       "workoutSessionId" : 0,
		       "workoutTime" : 30
		    },
		    {
		       "breakTime" : 30,
		       "description" : "victory with count 30 stress 1.0",
		       "elapsedTime" : 0,
		       "finished" : false,
		       "imagePath" : "victory.png",
		       "isImagePathExternal" : false,
		       "isTimeMode" : false,
		       "isVideoPathExternal" : false,
		       "name" : "victory",
		       "orderNr" : -1,
		       "prepTime" : 5,
		       "repetitionCount" : 30,
		       "videoPath" : "victory.mp4",
		       "workoutItemId" : 0,
		       "workoutSessionId" : 0,
		       "workoutTime" : 30
		    }
         ],
         "workoutSessionId" : 0
      },
      {
         "finished" : false,
         "name" : "5. day",
         "orderNr" : 4,
         "trainingPlanId" : 5,
         "workoutItems" : [
		    {
		       "breakTime" : 30,
		       "description" : "sphinx with count 30 stress 1.0",
		       "elapsedTime" : 0,
		       "finished" : false,
		       "imagePath" : "file:///data/user/0/com.health.openworkout/files/My%20custom%20full%20training/image/sphinx.png",
		       "isImagePathExternal" : true,
		       "isTimeMode" : false,
		       "isVideoPathExternal" : true,
		       "name" : "sphinx",
		       "orderNr" : -1,
		       "prepTime" : 5,
		       "repetitionCount" : 30,
		       "videoPath" : "file:///data/user/0/com.health.openworkout/files/My%20custom%20full%20training/video/sphinx.mp4",
		       "workoutItemId" : 0,
		       "workoutSessionId" : 0,
		       "workoutTime" : 30
		    },
		    {
		       "breakTime" : 30,
		       "description" : "squad with count 25 stress 1.0",
		       "elapsedTime" : 0,
		       "finished" : false,
		       "imagePath" : "squad.png",
		       "isImagePathExternal" : false,
		       "isTimeMode" : false,
		       "isVideoPathExternal" : false,
		       "name" : "squad",
		       "orderNr" : -1,
		       "prepTime" : 5,
		       "repetitionCount" : 25,
		       "videoPath" : "squad.mp4",
		       "workoutItemId" : 0,
		       "workoutSessionId" : 0,
		       "workoutTime" : 30
		    },
		    {
		       "breakTime" : 30,
		       "description" : "bird_dog with count 25 stress 1.0",
		       "elapsedTime" : 0,
		       "finished" : false,
		       "imagePath" : "file:///data/user/0/com.health.openworkout/files/My%20custom%20full%20training/image/bird_dog.png",
		       "isImagePathExternal" : true,
		       "isTimeMode" : false,
		       "isVideoPathExternal" : true,
		       "name" : "bird_dog",
		       "orderNr" : -1,
		       "prepTime" : 5,
		       "repetitionCount" : 25,
		       "videoPath" : "file:///data/user/0/com.health.openworkout/files/My%20custom%20full%20training/video/bird_dog.mp4",
		       "workoutItemId" : 0,
		       "workoutSessionId" : 0,
		       "workoutTime" : 30
		    },
		    {
		       "breakTime" : 30,
		       "description" : "quadruped_extension_rotation_l with count 15 stress 1.0",
		       "elapsedTime" : 0,
		       "finished" : false,
		       "imagePath" : "file:///data/user/0/com.health.openworkout/files/My%20custom%20full%20training/image/quadruped_extension_rotation_l.png",
		       "isImagePathExternal" : true,
		       "isTimeMode" : false,
		       "isVideoPathExternal" : true,
		       "name" : "quadruped_extension_rotation_l",
		       "orderNr" : -1,
		       "prepTime" : 5,
		       "repetitionCount" : 15,
		       "videoPath" : "file:///data/user/0/com.health.openworkout/files/My%20custom%20full%20training/video/quadruped_extension_rotation_l.mp4",
		       "workoutItemId" : 0,
		       "workoutSessionId" : 0,
		       "workoutTime" : 30
		    },
		    {
		       "breakTime" : 30,
		       "description" : "quadruped_extension_rotation_r with count 15 stress 1.0",
		       "elapsedTime" : 0,
		       "finished" : false,
		       "imagePath" : "file:///data/user/0/com.health.openworkout/files/My%20custom%20full%20training/image/quadruped_extension_rotation_r.png",
		       "isImagePathExternal" : true,
		       "isTimeMode" : false,
		       "isVideoPathExternal" : true,
		       "name" : "quadruped_extension_rotation_r",
		       "orderNr" : -1,
		       "prepTime" : 5,
		       "repetitionCount" : 15,
		       "videoPath" : "file:///data/user/0/com.health.openworkout/files/My%20custom%20full%20training/video/quadruped_extension_rotation_r.mp4",
		       "workoutItemId" : 0,
		       "workoutSessionId" : 0,
		       "workoutTime" : 30
		    },
		    {
		       "breakTime" : 30,
		       "description" : "pilates_l with count 10 stress 1.0",
		       "elapsedTime" : 0,
		       "finished" : false,
		       "imagePath" : "file:///data/user/0/com.health.openworkout/files/My%20custom%20full%20training/image/pilates_l.png",
		       "isImagePathExternal" : true,
		       "isTimeMode" : true,
		       "isVideoPathExternal" : true,
		       "name" : "pilates_l",
		       "orderNr" : -1,
		       "prepTime" : 5,
		       "repetitionCount" : 10,
		       "videoPath" : "file:///data/user/0/com.health.openworkout/files/My%20custom%20full%20training/video/pilates_l.mp4",
		       "workoutItemId" : 0,
		       "workoutSessionId" : 0,
		       "workoutTime" : 30
		    },
		    {
		       "breakTime" : 30,
		       "description" : "pilates_r with count 10 stress 1.0",
		       "elapsedTime" : 0,
		       "finished" : false,
		       "imagePath" : "file:///data/user/0/com.health.openworkout/files/My%20custom%20full%20training/image/pilates_r.png",
		       "isImagePathExternal" : true,
		       "isTimeMode" : true,
		       "isVideoPathExternal" : true,
		       "name" : "pilates_r",
		       "orderNr" : -1,
		       "prepTime" : 5,
		       "repetitionCount" : 10,
		       "videoPath" : "file:///data/user/0/com.health.openworkout/files/My%20custom%20full%20training/video/pilates_r.mp4",
		       "workoutItemId" : 0,
		       "workoutSessionId" : 0,
		       "workoutTime" : 30
		    },
		    {
		       "breakTime" : 30,
		       "description" : "victory with count 30 stress 1.0",
		       "elapsedTime" : 0,
		       "finished" : false,
		       "imagePath" : "victory.png",
		       "isImagePathExternal" : false,
		       "isTimeMode" : false,
		       "isVideoPathExternal" : false,
		       "name" : "victory",
		       "orderNr" : -1,
		       "prepTime" : 5,
		       "repetitionCount" : 30,
		       "videoPath" : "victory.mp4",
		       "workoutItemId" : 0,
		       "workoutSessionId" : 0,
		       "workoutTime" : 30
		    }
         ],
         "workoutSessionId" : 0
      },
      {
         "finished" : false,
         "name" : "6. day",
         "orderNr" : 5,
         "trainingPlanId" : 5,
         "workoutItems" : [
		    {
		       "breakTime" : 30,
		       "description" : "yoga with count 25 stress 1.0",
		       "elapsedTime" : 0,
		       "finished" : false,
		       "imagePath" : "file:///data/user/0/com.health.openworkout/files/My%20custom%20full%20training/image/yoga.png",
		       "isImagePathExternal" : true,
		       "isTimeMode" : true,
		       "isVideoPathExternal" : true,
		       "name" : "yoga",
		       "orderNr" : -1,
		       "prepTime" : 5,
		       "repetitionCount" : 25,
		       "videoPath" : "file:///data/user/0/com.health.openworkout/files/My%20custom%20full%20training/video/yoga.mp4",
		       "workoutItemId" : 0,
		       "workoutSessionId" : 0,
		       "workoutTime" : 30
		    },
		    {
		       "breakTime" : 30,
		       "description" : "side_leg_raise_l with count 25 stress 1.0",
		       "elapsedTime" : 0,
		       "finished" : false,
		       "imagePath" : "file:///data/user/0/com.health.openworkout/files/My%20custom%20full%20training/image/side_leg_raise_l.png",
		       "isImagePathExternal" : true,
		       "isTimeMode" : false,
		       "isVideoPathExternal" : true,
		       "name" : "side_leg_raise_l",
		       "orderNr" : -1,
		       "prepTime" : 5,
		       "repetitionCount" : 25,
		       "videoPath" : "file:///data/user/0/com.health.openworkout/files/My%20custom%20full%20training/video/side_leg_raise_l.mp4",
		       "workoutItemId" : 0,
		       "workoutSessionId" : 0,
		       "workoutTime" : 30
		    },
		    {
		       "breakTime" : 30,
		       "description" : "side_leg_raise_r with count 25 stress 1.0",
		       "elapsedTime" : 0,
		       "finished" : false,
		       "imagePath" : "file:///data/user/0/com.health.openworkout/files/My%20custom%20full%20training/image/side_leg_raise_r.png",
		       "isImagePathExternal" : true,
		       "isTimeMode" : false,
		       "isVideoPathExternal" : true,
		       "name" : "side_leg_raise_r",
		       "orderNr" : -1,
		       "prepTime" : 5,
		       "repetitionCount" : 25,
		       "videoPath" : "file:///data/user/0/com.health.openworkout/files/My%20custom%20full%20training/video/side_leg_raise_r.mp4",
		       "workoutItemId" : 0,
		       "workoutSessionId" : 0,
		       "workoutTime" : 30
		    },
		    {
		       "breakTime" : 30,
		       "description" : "spiderman_push_up with count 6 stress 1.0",
		       "elapsedTime" : 0,
		       "finished" : false,
		       "imagePath" : "file:///data/user/0/com.health.openworkout/files/My%20custom%20full%20training/image/spiderman_push_up.png",
		       "isImagePathExternal" : true,
		       "isTimeMode" : false,
		       "isVideoPathExternal" : true,
		       "name" : "spiderman_push_up",
		       "orderNr" : -1,
		       "prepTime" : 5,
		       "repetitionCount" : 6,
		       "videoPath" : "file:///data/user/0/com.health.openworkout/files/My%20custom%20full%20training/video/spiderman_push_up.mp4",
		       "workoutItemId" : 0,
		       "workoutSessionId" : 0,
		       "workoutTime" : 30
		    },
		    {
		       "breakTime" : 30,
		       "description" : "victory with count 30 stress 1.0",
		       "elapsedTime" : 0,
		       "finished" : false,
		       "imagePath" : "victory.png",
		       "isImagePathExternal" : false,
		       "isTimeMode" : false,
		       "isVideoPathExternal" : false,
		       "name" : "victory",
		       "orderNr" : -1,
		       "prepTime" : 5,
		       "repetitionCount" : 30,
		       "videoPath" : "victory.mp4",
		       "workoutItemId" : 0,
		       "workoutSessionId" : 0,
		       "workoutTime" : 30
		    }
         ],
         "workoutSessionId" : 0
      },
      {
         "finished" : false,
         "name" : "7. day",
         "orderNr" : 6,
         "trainingPlanId" : 5,
         "workoutItems" : [
		    {
		       "breakTime" : 30,
		       "description" : "supine_leg_raise with count 25 stress 1.0",
		       "elapsedTime" : 0,
		       "finished" : false,
		       "imagePath" : "file:///data/user/0/com.health.openworkout/files/My%20custom%20full%20training/image/supine_leg_raise.png",
		       "isImagePathExternal" : true,
		       "isTimeMode" : false,
		       "isVideoPathExternal" : true,
		       "name" : "supine_leg_raise",
		       "orderNr" : -1,
		       "prepTime" : 5,
		       "repetitionCount" : 25,
		       "videoPath" : "file:///data/user/0/com.health.openworkout/files/My%20custom%20full%20training/video/supine_leg_raise.mp4",
		       "workoutItemId" : 0,
		       "workoutSessionId" : 0,
		       "workoutTime" : 30
		    },
		    {
		       "breakTime" : 30,
		       "description" : "push_ups with count 15 stress 1.0",
		       "elapsedTime" : 0,
		       "finished" : false,
		       "imagePath" : "push_ups.png",
		       "isImagePathExternal" : false,
		       "isTimeMode" : false,
		       "isVideoPathExternal" : false,
		       "name" : "push_ups",
		       "orderNr" : -1,
		       "prepTime" : 5,
		       "repetitionCount" : 15,
		       "videoPath" : "push_ups.mp4",
		       "workoutItemId" : 0,
		       "workoutSessionId" : 0,
		       "workoutTime" : 30
		    },
		    {
		       "breakTime" : 30,
		       "description" : "lunge_kick_l with count 10 stress 1.0",
		       "elapsedTime" : 0,
		       "finished" : false,
		       "imagePath" : "file:///data/user/0/com.health.openworkout/files/My%20custom%20full%20training/image/lunge_kick_l.png",
		       "isImagePathExternal" : true,
		       "isTimeMode" : false,
		       "isVideoPathExternal" : true,
		       "name" : "lunge_kick_l",
		       "orderNr" : -1,
		       "prepTime" : 5,
		       "repetitionCount" : 10,
		       "videoPath" : "file:///data/user/0/com.health.openworkout/files/My%20custom%20full%20training/video/lunge_kick_l.mp4",
		       "workoutItemId" : 0,
		       "workoutSessionId" : 0,
		       "workoutTime" : 30
		    },
		    {
		       "breakTime" : 30,
		       "description" : "lunge_kick_r with count 10 stress 1.0",
		       "elapsedTime" : 0,
		       "finished" : false,
		       "imagePath" : "file:///data/user/0/com.health.openworkout/files/My%20custom%20full%20training/image/lunge_kick_r.png",
		       "isImagePathExternal" : true,
		       "isTimeMode" : false,
		       "isVideoPathExternal" : true,
		       "name" : "lunge_kick_r",
		       "orderNr" : -1,
		       "prepTime" : 5,
		       "repetitionCount" : 10,
		       "videoPath" : "file:///data/user/0/com.health.openworkout/files/My%20custom%20full%20training/video/lunge_kick_r.mp4",
		       "workoutItemId" : 0,
		       "workoutSessionId" : 0,
		       "workoutTime" : 30
		    },
		    {
		       "breakTime" : 30,
		       "description" : "victory with count 30 stress 1.0",
		       "elapsedTime" : 0,
		       "finished" : false,
		       "imagePath" : "victory.png",
		       "isImagePathExternal" : false,
		       "isTimeMode" : false,
		       "isVideoPathExternal" : false,
		       "name" : "victory",
		       "orderNr" : -1,
		       "prepTime" : 5,
		       "repetitionCount" : 30,
		       "videoPath" : "victory.mp4",
		       "workoutItemId" : 0,
		       "workoutSessionId" : 0,
		       "workoutTime" : 30
		    }
         ],
         "workoutSessionId" : 0
      },
      {
         "finished" : false,
         "name" : "8. day",
         "orderNr" : 7,
         "trainingPlanId" : 5,
         "workoutItems" : [
		    {
		       "breakTime" : 30,
		       "description" : "squat_to_stand with count 25 stress 1.2",
		       "elapsedTime" : 0,
		       "finished" : false,
		       "imagePath" : "file:///data/user/0/com.health.openworkout/files/My%20custom%20full%20training/image/squat_to_stand.png",
		       "isImagePathExternal" : true,
		       "isTimeMode" : false,
		       "isVideoPathExternal" : true,
		       "name" : "squat_to_stand",
		       "orderNr" : -1,
		       "prepTime" : 5,
		       "repetitionCount" : 30,
		       "videoPath" : "file:///data/user/0/com.health.openworkout/files/My%20custom%20full%20training/video/squat_to_stand.mp4",
		       "workoutItemId" : 0,
		       "workoutSessionId" : 0,
		       "workoutTime" : 30
		    },
		    {
		       "breakTime" : 30,
		       "description" : "lunge with count 15 stress 1.2",
		       "elapsedTime" : 0,
		       "finished" : false,
		       "imagePath" : "lunge.png",
		       "isImagePathExternal" : false,
		       "isTimeMode" : false,
		       "isVideoPathExternal" : false,
		       "name" : "lunge",
		       "orderNr" : -1,
		       "prepTime" : 5,
		       "repetitionCount" : 18,
		       "videoPath" : "lunge.mp4",
		       "workoutItemId" : 0,
		       "workoutSessionId" : 0,
		       "workoutTime" : 30
		    },
		    {
		       "breakTime" : 30,
		       "description" : "russian_twist_l with count 10 stress 1.2",
		       "elapsedTime" : 0,
		       "finished" : false,
		       "imagePath" : "file:///data/user/0/com.health.openworkout/files/My%20custom%20full%20training/image/russian_twist_l.png",
		       "isImagePathExternal" : true,
		       "isTimeMode" : false,
		       "isVideoPathExternal" : true,
		       "name" : "russian_twist_l",
		       "orderNr" : -1,
		       "prepTime" : 5,
		       "repetitionCount" : 12,
		       "videoPath" : "file:///data/user/0/com.health.openworkout/files/My%20custom%20full%20training/video/russian_twist_l.mp4",
		       "workoutItemId" : 0,
		       "workoutSessionId" : 0,
		       "workoutTime" : 30
		    },
		    {
		       "breakTime" : 30,
		       "description" : "russian_twist_r with count 10 stress 1.2",
		       "elapsedTime" : 0,
		       "finished" : false,
		       "imagePath" : "file:///data/user/0/com.health.openworkout/files/My%20custom%20full%20training/image/russian_twist_r.png",
		       "isImagePathExternal" : true,
		       "isTimeMode" : false,
		       "isVideoPathExternal" : true,
		       "name" : "russian_twist_r",
		       "orderNr" : -1,
		       "prepTime" : 5,
		       "repetitionCount" : 12,
		       "videoPath" : "file:///data/user/0/com.health.openworkout/files/My%20custom%20full%20training/video/russian_twist_r.mp4",
		       "workoutItemId" : 0,
		       "workoutSessionId" : 0,
		       "workoutTime" : 30
		    },
		    {
		       "breakTime" : 30,
		       "description" : "victory with count 30 stress 1.2",
		       "elapsedTime" : 0,
		       "finished" : false,
		       "imagePath" : "victory.png",
		       "isImagePathExternal" : false,
		       "isTimeMode" : false,
		       "isVideoPathExternal" : false,
		       "name" : "victory",
		       "orderNr" : -1,
		       "prepTime" : 5,
		       "repetitionCount" : 36,
		       "videoPath" : "victory.mp4",
		       "workoutItemId" : 0,
		       "workoutSessionId" : 0,
		       "workoutTime" : 30
		    }
         ],
         "workoutSessionId" : 0
      },
      {
         "finished" : false,
         "name" : "9. day",
         "orderNr" : 8,
         "trainingPlanId" : 5,
         "workoutItems" : [
		    {
		       "breakTime" : 30,
		       "description" : "lying_toe_taps with count 30 stress 1.2",
		       "elapsedTime" : 0,
		       "finished" : false,
		       "imagePath" : "file:///data/user/0/com.health.openworkout/files/My%20custom%20full%20training/image/lying_toe_taps.png",
		       "isImagePathExternal" : true,
		       "isTimeMode" : false,
		       "isVideoPathExternal" : true,
		       "name" : "lying_toe_taps",
		       "orderNr" : -1,
		       "prepTime" : 5,
		       "repetitionCount" : 36,
		       "videoPath" : "file:///data/user/0/com.health.openworkout/files/My%20custom%20full%20training/video/lying_toe_taps.mp4",
		       "workoutItemId" : 0,
		       "workoutSessionId" : 0,
		       "workoutTime" : 30
		    },
		    {
		       "breakTime" : 30,
		       "description" : "donkey_kick with count 25 stress 1.2",
		       "elapsedTime" : 0,
		       "finished" : false,
		       "imagePath" : "donkey_kick.png",
		       "isImagePathExternal" : false,
		       "isTimeMode" : false,
		       "isVideoPathExternal" : false,
		       "name" : "donkey_kick",
		       "orderNr" : -1,
		       "prepTime" : 5,
		       "repetitionCount" : 30,
		       "videoPath" : "donkey_kick.mp4",
		       "workoutItemId" : 0,
		       "workoutSessionId" : 0,
		       "workoutTime" : 30
		    },
		    {
		       "breakTime" : 30,
		       "description" : "inchworm with count 25 stress 1.2",
		       "elapsedTime" : 0,
		       "finished" : false,
		       "imagePath" : "file:///data/user/0/com.health.openworkout/files/My%20custom%20full%20training/image/inchworm.png",
		       "isImagePathExternal" : true,
		       "isTimeMode" : false,
		       "isVideoPathExternal" : true,
		       "name" : "inchworm",
		       "orderNr" : -1,
		       "prepTime" : 5,
		       "repetitionCount" : 30,
		       "videoPath" : "file:///data/user/0/com.health.openworkout/files/My%20custom%20full%20training/video/inchworm.mp4",
		       "workoutItemId" : 0,
		       "workoutSessionId" : 0,
		       "workoutTime" : 30
		    },
		    {
		       "breakTime" : 30,
		       "description" : "high_knees with count 15 stress 1.2",
		       "elapsedTime" : 0,
		       "finished" : false,
		       "imagePath" : "high_knees.png",
		       "isImagePathExternal" : false,
		       "isTimeMode" : false,
		       "isVideoPathExternal" : false,
		       "name" : "high_knees",
		       "orderNr" : -1,
		       "prepTime" : 5,
		       "repetitionCount" : 18,
		       "videoPath" : "high_knees.mp4",
		       "workoutItemId" : 0,
		       "workoutSessionId" : 0,
		       "workoutTime" : 30
		    },
		    {
		       "breakTime" : 30,
		       "description" : "cradle_walk with count 10 stress 1.2",
		       "elapsedTime" : 0,
		       "finished" : false,
		       "imagePath" : "file:///data/user/0/com.health.openworkout/files/My%20custom%20full%20training/image/cradle_walk.png",
		       "isImagePathExternal" : true,
		       "isTimeMode" : false,
		       "isVideoPathExternal" : true,
		       "name" : "cradle_walk",
		       "orderNr" : -1,
		       "prepTime" : 5,
		       "repetitionCount" : 12,
		       "videoPath" : "file:///data/user/0/com.health.openworkout/files/My%20custom%20full%20training/video/cradle_walk.mp4",
		       "workoutItemId" : 0,
		       "workoutSessionId" : 0,
		       "workoutTime" : 30
		    },
		    {
		       "breakTime" : 30,
		       "description" : "victory with count 30 stress 1.2",
		       "elapsedTime" : 0,
		       "finished" : false,
		       "imagePath" : "victory.png",
		       "isImagePathExternal" : false,
		       "isTimeMode" : false,
		       "isVideoPathExternal" : false,
		       "name" : "victory",
		       "orderNr" : -1,
		       "prepTime" : 5,
		       "repetitionCount" : 36,
		       "videoPath" : "victory.mp4",
		       "workoutItemId" : 0,
		       "workoutSessionId" : 0,
		       "workoutTime" : 30
		    }
         ],
         "workoutSessionId" : 0
      },
      {
         "finished" : false,
         "name" : "10. day",
         "orderNr" : 9,
         "trainingPlanId" : 5,
         "workoutItems" : [
		    {
		       "breakTime" : 30,
		       "description" : "abdonminal_crunch with count 30 stress 1.2",
		       "elapsedTime" : 0,
		       "finished" : false,
		       "imagePath" : "abdonminal_crunch.png",
		       "isImagePathExternal" : false,
		       "isTimeMode" : false,
		       "isVideoPathExternal" : false,
		       "name" : "abdonminal_crunch",
		       "orderNr" : -1,
		       "prepTime" : 5,
		       "repetitionCount" : 36,
		       "videoPath" : "abdonminal_crunch.mp4",
		       "workoutItemId" : 0,
		       "workoutSessionId" : 0,
		       "workoutTime" : 30
		    },
		    {
		       "breakTime" : 30,
		       "description" : "modified_push_up_to_forearms with count 25 stress 1.2",
		       "elapsedTime" : 0,
		       "finished" : false,
		       "imagePath" : "file:///data/user/0/com.health.openworkout/files/My%20custom%20full%20training/image/modified_push_up_to_forearms.png",
		       "isImagePathExternal" : true,
		       "isTimeMode" : false,
		       "isVideoPathExternal" : true,
		       "name" : "modified_push_up_to_forearms",
		       "orderNr" : -1,
		       "prepTime" : 5,
		       "repetitionCount" : 30,
		       "videoPath" : "file:///data/user/0/com.health.openworkout/files/My%20custom%20full%20training/video/modified_push_up_to_forearms.mp4",
		       "workoutItemId" : 0,
		       "workoutSessionId" : 0,
		       "workoutTime" : 30
		    },
		    {
		       "breakTime" : 30,
		       "description" : "air_squad_bent_arms with count 25 stress 1.2",
		       "elapsedTime" : 0,
		       "finished" : false,
		       "imagePath" : "air_squad_bent_arms.png",
		       "isImagePathExternal" : false,
		       "isTimeMode" : false,
		       "isVideoPathExternal" : false,
		       "name" : "air_squad_bent_arms",
		       "orderNr" : -1,
		       "prepTime" : 5,
		       "repetitionCount" : 30,
		       "videoPath" : "air_squad_bent_arms.mp4",
		       "workoutItemId" : 0,
		       "workoutSessionId" : 0,
		       "workoutTime" : 30
		    },
		    {
		       "breakTime" : 30,
		       "description" : "mountain_climbers with count 15 stress 1.2",
		       "elapsedTime" : 0,
		       "finished" : false,
		       "imagePath" : "mountain_climbers.png",
		       "isImagePathExternal" : false,
		       "isTimeMode" : false,
		       "isVideoPathExternal" : false,
		       "name" : "mountain_climbers",
		       "orderNr" : -1,
		       "prepTime" : 5,
		       "repetitionCount" : 18,
		       "videoPath" : "mountain_climbers.mp4",
		       "workoutItemId" : 0,
		       "workoutSessionId" : 0,
		       "workoutTime" : 30
		    },
		    {
		       "breakTime" : 30,
		       "description" : "rocking_hollow_body_hold with count 10 stress 1.2",
		       "elapsedTime" : 0,
		       "finished" : false,
		       "imagePath" : "file:///data/user/0/com.health.openworkout/files/My%20custom%20full%20training/image/rocking_hollow_body_hold.png",
		       "isImagePathExternal" : true,
		       "isTimeMode" : true,
		       "isVideoPathExternal" : true,
		       "name" : "rocking_hollow_body_hold",
		       "orderNr" : -1,
		       "prepTime" : 5,
		       "repetitionCount" : 12,
		       "videoPath" : "file:///data/user/0/com.health.openworkout/files/My%20custom%20full%20training/video/rocking_hollow_body_hold.mp4",
		       "workoutItemId" : 0,
		       "workoutSessionId" : 0,
		       "workoutTime" : 30
		    },
		    {
		       "breakTime" : 30,
		       "description" : "victory with count 30 stress 1.2",
		       "elapsedTime" : 0,
		       "finished" : false,
		       "imagePath" : "victory.png",
		       "isImagePathExternal" : false,
		       "isTimeMode" : false,
		       "isVideoPathExternal" : false,
		       "name" : "victory",
		       "orderNr" : -1,
		       "prepTime" : 5,
		       "repetitionCount" : 36,
		       "videoPath" : "victory.mp4",
		       "workoutItemId" : 0,
		       "workoutSessionId" : 0,
		       "workoutTime" : 30
		    }
         ],
         "workoutSessionId" : 0
      },
      {
         "finished" : false,
         "name" : "11. day",
         "orderNr" : 10,
         "trainingPlanId" : 5,
         "workoutItems" : [
		    {
		       "breakTime" : 30,
		       "description" : "bicycle_crunch with count 30 stress 1.2",
		       "elapsedTime" : 0,
		       "finished" : false,
		       "imagePath" : "bicycle_crunch.png",
		       "isImagePathExternal" : false,
		       "isTimeMode" : false,
		       "isVideoPathExternal" : false,
		       "name" : "bicycle_crunch",
		       "orderNr" : -1,
		       "prepTime" : 5,
		       "repetitionCount" : 36,
		       "videoPath" : "bicycle_crunch.mp4",
		       "workoutItemId" : 0,
		       "workoutSessionId" : 0,
		       "workoutTime" : 30
		    },
		    {
		       "breakTime" : 30,
		       "description" : "hollow_body_hold with count 25 stress 1.2",
		       "elapsedTime" : 0,
		       "finished" : false,
		       "imagePath" : "file:///data/user/0/com.health.openworkout/files/My%20custom%20full%20training/image/hollow_body_hold.png",
		       "isImagePathExternal" : true,
		       "isTimeMode" : false,
		       "isVideoPathExternal" : true,
		       "name" : "hollow_body_hold",
		       "orderNr" : -1,
		       "prepTime" : 5,
		       "repetitionCount" : 30,
		       "videoPath" : "file:///data/user/0/com.health.openworkout/files/My%20custom%20full%20training/video/hollow_body_hold.mp4",
		       "workoutItemId" : 0,
		       "workoutSessionId" : 0,
		       "workoutTime" : 30
		    },
		    {
		       "breakTime" : 30,
		       "description" : "plank with count 25 stress 1.2",
		       "elapsedTime" : 0,
		       "finished" : false,
		       "imagePath" : "plank.png",
		       "isImagePathExternal" : false,
		       "isTimeMode" : true,
		       "isVideoPathExternal" : false,
		       "name" : "plank",
		       "orderNr" : -1,
		       "prepTime" : 5,
		       "repetitionCount" : 30,
		       "videoPath" : "plank.mp4",
		       "workoutItemId" : 0,
		       "workoutSessionId" : 0,
		       "workoutTime" : 30
		    },
		    {
		       "breakTime" : 30,
		       "description" : "side_plank_l with count 15 stress 1.2",
		       "elapsedTime" : 0,
		       "finished" : false,
		       "imagePath" : "file:///data/user/0/com.health.openworkout/files/My%20custom%20full%20training/image/side_plank_l.png",
		       "isImagePathExternal" : true,
		       "isTimeMode" : true,
		       "isVideoPathExternal" : true,
		       "name" : "side_plank_l",
		       "orderNr" : -1,
		       "prepTime" : 5,
		       "repetitionCount" : 18,
		       "videoPath" : "file:///data/user/0/com.health.openworkout/files/My%20custom%20full%20training/video/side_plank_l.mp4",
		       "workoutItemId" : 0,
		       "workoutSessionId" : 0,
		       "workoutTime" : 30
		    },
		    {
		       "breakTime" : 30,
		       "description" : "side_plank_r with count 15 stress 1.2",
		       "elapsedTime" : 0,
		       "finished" : false,
		       "imagePath" : "file:///data/user/0/com.health.openworkout/files/My%20custom%20full%20training/image/side_plank_r.png",
		       "isImagePathExternal" : true,
		       "isTimeMode" : true,
		       "isVideoPathExternal" : true,
		       "name" : "side_plank_r",
		       "orderNr" : -1,
		       "prepTime" : 5,
		       "repetitionCount" : 18,
		       "videoPath" : "file:///data/user/0/com.health.openworkout/files/My%20custom%20full%20training/video/side_plank_r.mp4",
		       "workoutItemId" : 0,
		       "workoutSessionId" : 0,
		       "workoutTime" : 30
		    },
		    {
		       "breakTime" : 30,
		       "description" : "pike_walk with count 10 stress 1.2",
		       "elapsedTime" : 0,
		       "finished" : false,
		       "imagePath" : "pike_walk.png",
		       "isImagePathExternal" : false,
		       "isTimeMode" : false,
		       "isVideoPathExternal" : false,
		       "name" : "pike_walk",
		       "orderNr" : -1,
		       "prepTime" : 5,
		       "repetitionCount" : 12,
		       "videoPath" : "pike_walk.mp4",
		       "workoutItemId" : 0,
		       "workoutSessionId" : 0,
		       "workoutTime" : 30
		    },
		    {
		       "breakTime" : 30,
		       "description" : "victory with count 30 stress 1.2",
		       "elapsedTime" : 0,
		       "finished" : false,
		       "imagePath" : "victory.png",
		       "isImagePathExternal" : false,
		       "isTimeMode" : false,
		       "isVideoPathExternal" : false,
		       "name" : "victory",
		       "orderNr" : -1,
		       "prepTime" : 5,
		       "repetitionCount" : 36,
		       "videoPath" : "victory.mp4",
		       "workoutItemId" : 0,
		       "workoutSessionId" : 0,
		       "workoutTime" : 30
		    }
         ],
         "workoutSessionId" : 0
      },
      {
         "finished" : false,
         "name" : "12. day",
         "orderNr" : 11,
         "trainingPlanId" : 5,
         "workoutItems" : [
		    {
		       "breakTime" : 30,
		       "description" : "arm_circles with count 30 stress 1.2",
		       "elapsedTime" : 0,
		       "finished" : false,
		       "imagePath" : "file:///data/user/0/com.health.openworkout/files/My%20custom%20full%20training/image/arm_circles.png",
		       "isImagePathExternal" : true,
		       "isTimeMode" : false,
		       "isVideoPathExternal" : true,
		       "name" : "arm_circles",
		       "orderNr" : -1,
		       "prepTime" : 5,
		       "repetitionCount" : 36,
		       "videoPath" : "file:///data/user/0/com.health.openworkout/files/My%20custom%20full%20training/video/arm_circles.mp4",
		       "workoutItemId" : 0,
		       "workoutSessionId" : 0,
		       "workoutTime" : 30
		    },
		    {
		       "breakTime" : 30,
		       "description" : "rocking_frog_stretch with count 25 stress 1.2",
		       "elapsedTime" : 0,
		       "finished" : false,
		       "imagePath" : "file:///data/user/0/com.health.openworkout/files/My%20custom%20full%20training/image/rocking_frog_stretch.png",
		       "isImagePathExternal" : true,
		       "isTimeMode" : false,
		       "isVideoPathExternal" : true,
		       "name" : "rocking_frog_stretch",
		       "orderNr" : -1,
		       "prepTime" : 5,
		       "repetitionCount" : 30,
		       "videoPath" : "file:///data/user/0/com.health.openworkout/files/My%20custom%20full%20training/video/rocking_frog_stretch.mp4",
		       "workoutItemId" : 0,
		       "workoutSessionId" : 0,
		       "workoutTime" : 30
		    },
		    {
		       "breakTime" : 30,
		       "description" : "side_lying_clam_l with count 25 stress 1.2",
		       "elapsedTime" : 0,
		       "finished" : false,
		       "imagePath" : "file:///data/user/0/com.health.openworkout/files/My%20custom%20full%20training/image/side_lying_clam_l.png",
		       "isImagePathExternal" : true,
		       "isTimeMode" : false,
		       "isVideoPathExternal" : true,
		       "name" : "side_lying_clam_l",
		       "orderNr" : -1,
		       "prepTime" : 5,
		       "repetitionCount" : 30,
		       "videoPath" : "file:///data/user/0/com.health.openworkout/files/My%20custom%20full%20training/video/side_lying_clam_l.mp4",
		       "workoutItemId" : 0,
		       "workoutSessionId" : 0,
		       "workoutTime" : 30
		    },
		    {
		       "breakTime" : 30,
		       "description" : "side_lying_clam_r with count 25 stress 1.2",
		       "elapsedTime" : 0,
		       "finished" : false,
		       "imagePath" : "file:///data/user/0/com.health.openworkout/files/My%20custom%20full%20training/image/side_lying_clam_r.png",
		       "isImagePathExternal" : true,
		       "isTimeMode" : false,
		       "isVideoPathExternal" : true,
		       "name" : "side_lying_clam_r",
		       "orderNr" : -1,
		       "prepTime" : 5,
		       "repetitionCount" : 30,
		       "videoPath" : "file:///data/user/0/com.health.openworkout/files/My%20custom%20full%20training/video/side_lying_clam_r.mp4",
		       "workoutItemId" : 0,
		       "workoutSessionId" : 0,
		       "workoutTime" : 30
		    },
		    {
		       "breakTime" : 30,
		       "description" : "standing_biceps_stretch with count 15 stress 1.2",
		       "elapsedTime" : 0,
		       "finished" : false,
		       "imagePath" : "file:///data/user/0/com.health.openworkout/files/My%20custom%20full%20training/image/standing_biceps_stretch.png",
		       "isImagePathExternal" : true,
		       "isTimeMode" : false,
		       "isVideoPathExternal" : true,
		       "name" : "standing_biceps_stretch",
		       "orderNr" : -1,
		       "prepTime" : 5,
		       "repetitionCount" : 18,
		       "videoPath" : "file:///data/user/0/com.health.openworkout/files/My%20custom%20full%20training/video/standing_biceps_stretch.mp4",
		       "workoutItemId" : 0,
		       "workoutSessionId" : 0,
		       "workoutTime" : 30
		    },
		    {
		       "breakTime" : 30,
		       "description" : "diamond_push_up with count 10 stress 1.2",
		       "elapsedTime" : 0,
		       "finished" : false,
		       "imagePath" : "file:///data/user/0/com.health.openworkout/files/My%20custom%20full%20training/image/diamond_push_up.png",
		       "isImagePathExternal" : true,
		       "isTimeMode" : false,
		       "isVideoPathExternal" : true,
		       "name" : "diamond_push_up",
		       "orderNr" : -1,
		       "prepTime" : 5,
		       "repetitionCount" : 12,
		       "videoPath" : "file:///data/user/0/com.health.openworkout/files/My%20custom%20full%20training/video/diamond_push_up.mp4",
		       "workoutItemId" : 0,
		       "workoutSessionId" : 0,
		       "workoutTime" : 30
		    },
		    {
		       "breakTime" : 30,
		       "description" : "victory with count 30 stress 1.2",
		       "elapsedTime" : 0,
		       "finished" : false,
		       "imagePath" : "victory.png",
		       "isImagePathExternal" : false,
		       "isTimeMode" : false,
		       "isVideoPathExternal" : false,
		       "name" : "victory",
		       "orderNr" : -1,
		       "prepTime" : 5,
		       "repetitionCount" : 36,
		       "videoPath" : "victory.mp4",
		       "workoutItemId" : 0,
		       "workoutSessionId" : 0,
		       "workoutTime" : 30
		    }
         ],
         "workoutSessionId" : 0
      },
      {
         "finished" : false,
         "name" : "13. day",
         "orderNr" : 12,
         "trainingPlanId" : 5,
         "workoutItems" : [
		    {
		       "breakTime" : 30,
		       "description" : "sphinx with count 30 stress 1.2",
		       "elapsedTime" : 0,
		       "finished" : false,
		       "imagePath" : "file:///data/user/0/com.health.openworkout/files/My%20custom%20full%20training/image/sphinx.png",
		       "isImagePathExternal" : true,
		       "isTimeMode" : false,
		       "isVideoPathExternal" : true,
		       "name" : "sphinx",
		       "orderNr" : -1,
		       "prepTime" : 5,
		       "repetitionCount" : 36,
		       "videoPath" : "file:///data/user/0/com.health.openworkout/files/My%20custom%20full%20training/video/sphinx.mp4",
		       "workoutItemId" : 0,
		       "workoutSessionId" : 0,
		       "workoutTime" : 30
		    },
		    {
		       "breakTime" : 30,
		       "description" : "squad with count 25 stress 1.2",
		       "elapsedTime" : 0,
		       "finished" : false,
		       "imagePath" : "squad.png",
		       "isImagePathExternal" : false,
		       "isTimeMode" : false,
		       "isVideoPathExternal" : false,
		       "name" : "squad",
		       "orderNr" : -1,
		       "prepTime" : 5,
		       "repetitionCount" : 30,
		       "videoPath" : "squad.mp4",
		       "workoutItemId" : 0,
		       "workoutSessionId" : 0,
		       "workoutTime" : 30
		    },
		    {
		       "breakTime" : 30,
		       "description" : "bird_dog with count 25 stress 1.2",
		       "elapsedTime" : 0,
		       "finished" : false,
		       "imagePath" : "file:///data/user/0/com.health.openworkout/files/My%20custom%20full%20training/image/bird_dog.png",
		       "isImagePathExternal" : true,
		       "isTimeMode" : false,
		       "isVideoPathExternal" : true,
		       "name" : "bird_dog",
		       "orderNr" : -1,
		       "prepTime" : 5,
		       "repetitionCount" : 30,
		       "videoPath" : "file:///data/user/0/com.health.openworkout/files/My%20custom%20full%20training/video/bird_dog.mp4",
		       "workoutItemId" : 0,
		       "workoutSessionId" : 0,
		       "workoutTime" : 30
		    },
		    {
		       "breakTime" : 30,
		       "description" : "quadruped_extension_rotation_l with count 15 stress 1.2",
		       "elapsedTime" : 0,
		       "finished" : false,
		       "imagePath" : "file:///data/user/0/com.health.openworkout/files/My%20custom%20full%20training/image/quadruped_extension_rotation_l.png",
		       "isImagePathExternal" : true,
		       "isTimeMode" : false,
		       "isVideoPathExternal" : true,
		       "name" : "quadruped_extension_rotation_l",
		       "orderNr" : -1,
		       "prepTime" : 5,
		       "repetitionCount" : 18,
		       "videoPath" : "file:///data/user/0/com.health.openworkout/files/My%20custom%20full%20training/video/quadruped_extension_rotation_l.mp4",
		       "workoutItemId" : 0,
		       "workoutSessionId" : 0,
		       "workoutTime" : 30
		    },
		    {
		       "breakTime" : 30,
		       "description" : "quadruped_extension_rotation_r with count 15 stress 1.2",
		       "elapsedTime" : 0,
		       "finished" : false,
		       "imagePath" : "file:///data/user/0/com.health.openworkout/files/My%20custom%20full%20training/image/quadruped_extension_rotation_r.png",
		       "isImagePathExternal" : true,
		       "isTimeMode" : false,
		       "isVideoPathExternal" : true,
		       "name" : "quadruped_extension_rotation_r",
		       "orderNr" : -1,
		       "prepTime" : 5,
		       "repetitionCount" : 18,
		       "videoPath" : "file:///data/user/0/com.health.openworkout/files/My%20custom%20full%20training/video/quadruped_extension_rotation_r.mp4",
		       "workoutItemId" : 0,
		       "workoutSessionId" : 0,
		       "workoutTime" : 30
		    },
		    {
		       "breakTime" : 30,
		       "description" : "pilates_l with count 10 stress 1.2",
		       "elapsedTime" : 0,
		       "finished" : false,
		       "imagePath" : "file:///data/user/0/com.health.openworkout/files/My%20custom%20full%20training/image/pilates_l.png",
		       "isImagePathExternal" : true,
		       "isTimeMode" : true,
		       "isVideoPathExternal" : true,
		       "name" : "pilates_l",
		       "orderNr" : -1,
		       "prepTime" : 5,
		       "repetitionCount" : 12,
		       "videoPath" : "file:///data/user/0/com.health.openworkout/files/My%20custom%20full%20training/video/pilates_l.mp4",
		       "workoutItemId" : 0,
		       "workoutSessionId" : 0,
		       "workoutTime" : 30
		    },
		    {
		       "breakTime" : 30,
		       "description" : "pilates_r with count 10 stress 1.2",
		       "elapsedTime" : 0,
		       "finished" : false,
		       "imagePath" : "file:///data/user/0/com.health.openworkout/files/My%20custom%20full%20training/image/pilates_r.png",
		       "isImagePathExternal" : true,
		       "isTimeMode" : true,
		       "isVideoPathExternal" : true,
		       "name" : "pilates_r",
		       "orderNr" : -1,
		       "prepTime" : 5,
		       "repetitionCount" : 12,
		       "videoPath" : "file:///data/user/0/com.health.openworkout/files/My%20custom%20full%20training/video/pilates_r.mp4",
		       "workoutItemId" : 0,
		       "workoutSessionId" : 0,
		       "workoutTime" : 30
		    },
		    {
		       "breakTime" : 30,
		       "description" : "victory with count 30 stress 1.2",
		       "elapsedTime" : 0,
		       "finished" : false,
		       "imagePath" : "victory.png",
		       "isImagePathExternal" : false,
		       "isTimeMode" : false,
		       "isVideoPathExternal" : false,
		       "name" : "victory",
		       "orderNr" : -1,
		       "prepTime" : 5,
		       "repetitionCount" : 36,
		       "videoPath" : "victory.mp4",
		       "workoutItemId" : 0,
		       "workoutSessionId" : 0,
		       "workoutTime" : 30
		    }
         ],
         "workoutSessionId" : 0
      },
      {
         "finished" : false,
         "name" : "14. day",
         "orderNr" : 13,
         "trainingPlanId" : 5,
         "workoutItems" : [
		    {
		       "breakTime" : 30,
		       "description" : "yoga with count 25 stress 1.2",
		       "elapsedTime" : 0,
		       "finished" : false,
		       "imagePath" : "file:///data/user/0/com.health.openworkout/files/My%20custom%20full%20training/image/yoga.png",
		       "isImagePathExternal" : true,
		       "isTimeMode" : true,
		       "isVideoPathExternal" : true,
		       "name" : "yoga",
		       "orderNr" : -1,
		       "prepTime" : 5,
		       "repetitionCount" : 30,
		       "videoPath" : "file:///data/user/0/com.health.openworkout/files/My%20custom%20full%20training/video/yoga.mp4",
		       "workoutItemId" : 0,
		       "workoutSessionId" : 0,
		       "workoutTime" : 30
		    },
		    {
		       "breakTime" : 30,
		       "description" : "side_leg_raise_l with count 25 stress 1.2",
		       "elapsedTime" : 0,
		       "finished" : false,
		       "imagePath" : "file:///data/user/0/com.health.openworkout/files/My%20custom%20full%20training/image/side_leg_raise_l.png",
		       "isImagePathExternal" : true,
		       "isTimeMode" : false,
		       "isVideoPathExternal" : true,
		       "name" : "side_leg_raise_l",
		       "orderNr" : -1,
		       "prepTime" : 5,
		       "repetitionCount" : 30,
		       "videoPath" : "file:///data/user/0/com.health.openworkout/files/My%20custom%20full%20training/video/side_leg_raise_l.mp4",
		       "workoutItemId" : 0,
		       "workoutSessionId" : 0,
		       "workoutTime" : 30
		    },
		    {
		       "breakTime" : 30,
		       "description" : "side_leg_raise_r with count 25 stress 1.2",
		       "elapsedTime" : 0,
		       "finished" : false,
		       "imagePath" : "file:///data/user/0/com.health.openworkout/files/My%20custom%20full%20training/image/side_leg_raise_r.png",
		       "isImagePathExternal" : true,
		       "isTimeMode" : false,
		       "isVideoPathExternal" : true,
		       "name" : "side_leg_raise_r",
		       "orderNr" : -1,
		       "prepTime" : 5,
		       "repetitionCount" : 30,
		       "videoPath" : "file:///data/user/0/com.health.openworkout/files/My%20custom%20full%20training/video/side_leg_raise_r.mp4",
		       "workoutItemId" : 0,
		       "workoutSessionId" : 0,
		       "workoutTime" : 30
		    },
		    {
		       "breakTime" : 30,
		       "description" : "spiderman_push_up with count 6 stress 1.2",
		       "elapsedTime" : 0,
		       "finished" : false,
		       "imagePath" : "file:///data/user/0/com.health.openworkout/files/My%20custom%20full%20training/image/spiderman_push_up.png",
		       "isImagePathExternal" : true,
		       "isTimeMode" : false,
		       "isVideoPathExternal" : true,
		       "name" : "spiderman_push_up",
		       "orderNr" : -1,
		       "prepTime" : 5,
		       "repetitionCount" : 7,
		       "videoPath" : "file:///data/user/0/com.health.openworkout/files/My%20custom%20full%20training/video/spiderman_push_up.mp4",
		       "workoutItemId" : 0,
		       "workoutSessionId" : 0,
		       "workoutTime" : 30
		    },
		    {
		       "breakTime" : 30,
		       "description" : "victory with count 30 stress 1.2",
		       "elapsedTime" : 0,
		       "finished" : false,
		       "imagePath" : "victory.png",
		       "isImagePathExternal" : false,
		       "isTimeMode" : false,
		       "isVideoPathExternal" : false,
		       "name" : "victory",
		       "orderNr" : -1,
		       "prepTime" : 5,
		       "repetitionCount" : 36,
		       "videoPath" : "victory.mp4",
		       "workoutItemId" : 0,
		       "workoutSessionId" : 0,
		       "workoutTime" : 30
		    }
         ],
         "workoutSessionId" : 0
      },
      {
         "finished" : false,
         "name" : "15. day",
         "orderNr" : 14,
         "trainingPlanId" : 5,
         "workoutItems" : [
		    {
		       "breakTime" : 30,
		       "description" : "supine_leg_raise with count 25 stress 1.2",
		       "elapsedTime" : 0,
		       "finished" : false,
		       "imagePath" : "file:///data/user/0/com.health.openworkout/files/My%20custom%20full%20training/image/supine_leg_raise.png",
		       "isImagePathExternal" : true,
		       "isTimeMode" : false,
		       "isVideoPathExternal" : true,
		       "name" : "supine_leg_raise",
		       "orderNr" : -1,
		       "prepTime" : 5,
		       "repetitionCount" : 30,
		       "videoPath" : "file:///data/user/0/com.health.openworkout/files/My%20custom%20full%20training/video/supine_leg_raise.mp4",
		       "workoutItemId" : 0,
		       "workoutSessionId" : 0,
		       "workoutTime" : 30
		    },
		    {
		       "breakTime" : 30,
		       "description" : "push_ups with count 15 stress 1.2",
		       "elapsedTime" : 0,
		       "finished" : false,
		       "imagePath" : "push_ups.png",
		       "isImagePathExternal" : false,
		       "isTimeMode" : false,
		       "isVideoPathExternal" : false,
		       "name" : "push_ups",
		       "orderNr" : -1,
		       "prepTime" : 5,
		       "repetitionCount" : 18,
		       "videoPath" : "push_ups.mp4",
		       "workoutItemId" : 0,
		       "workoutSessionId" : 0,
		       "workoutTime" : 30
		    },
		    {
		       "breakTime" : 30,
		       "description" : "lunge_kick_l with count 10 stress 1.2",
		       "elapsedTime" : 0,
		       "finished" : false,
		       "imagePath" : "file:///data/user/0/com.health.openworkout/files/My%20custom%20full%20training/image/lunge_kick_l.png",
		       "isImagePathExternal" : true,
		       "isTimeMode" : false,
		       "isVideoPathExternal" : true,
		       "name" : "lunge_kick_l",
		       "orderNr" : -1,
		       "prepTime" : 5,
		       "repetitionCount" : 12,
		       "videoPath" : "file:///data/user/0/com.health.openworkout/files/My%20custom%20full%20training/video/lunge_kick_l.mp4",
		       "workoutItemId" : 0,
		       "workoutSessionId" : 0,
		       "workoutTime" : 30
		    },
		    {
		       "breakTime" : 30,
		       "description" : "lunge_kick_r with count 10 stress 1.2",
		       "elapsedTime" : 0,
		       "finished" : false,
		       "imagePath" : "file:///data/user/0/com.health.openworkout/files/My%20custom%20full%20training/image/lunge_kick_r.png",
		       "isImagePathExternal" : true,
		       "isTimeMode" : false,
		       "isVideoPathExternal" : true,
		       "name" : "lunge_kick_r",
		       "orderNr" : -1,
		       "prepTime" : 5,
		       "repetitionCount" : 12,
		       "videoPath" : "file:///data/user/0/com.health.openworkout/files/My%20custom%20full%20training/video/lunge_kick_r.mp4",
		       "workoutItemId" : 0,
		       "workoutSessionId" : 0,
		       "workoutTime" : 30
		    },
		    {
		       "breakTime" : 30,
		       "description" : "victory with count 30 stress 1.2",
		       "elapsedTime" : 0,
		       "finished" : false,
		       "imagePath" : "victory.png",
		       "isImagePathExternal" : false,
		       "isTimeMode" : false,
		       "isVideoPathExternal" : false,
		       "name" : "victory",
		       "orderNr" : -1,
		       "prepTime" : 5,
		       "repetitionCount" : 36,
		       "videoPath" : "victory.mp4",
		       "workoutItemId" : 0,
		       "workoutSessionId" : 0,
		       "workoutTime" : 30
		    }
         ],
         "workoutSessionId" : 0
      },
      {
         "finished" : false,
         "name" : "16. day",
         "orderNr" : 15,
         "trainingPlanId" : 5,
         "workoutItems" : [
		    {
		       "breakTime" : 30,
		       "description" : "squat_to_stand with count 25 stress 1.4",
		       "elapsedTime" : 0,
		       "finished" : false,
		       "imagePath" : "file:///data/user/0/com.health.openworkout/files/My%20custom%20full%20training/image/squat_to_stand.png",
		       "isImagePathExternal" : true,
		       "isTimeMode" : false,
		       "isVideoPathExternal" : true,
		       "name" : "squat_to_stand",
		       "orderNr" : -1,
		       "prepTime" : 5,
		       "repetitionCount" : 35,
		       "videoPath" : "file:///data/user/0/com.health.openworkout/files/My%20custom%20full%20training/video/squat_to_stand.mp4",
		       "workoutItemId" : 0,
		       "workoutSessionId" : 0,
		       "workoutTime" : 30
		    },
		    {
		       "breakTime" : 30,
		       "description" : "lunge with count 15 stress 1.4",
		       "elapsedTime" : 0,
		       "finished" : false,
		       "imagePath" : "lunge.png",
		       "isImagePathExternal" : false,
		       "isTimeMode" : false,
		       "isVideoPathExternal" : false,
		       "name" : "lunge",
		       "orderNr" : -1,
		       "prepTime" : 5,
		       "repetitionCount" : 21,
		       "videoPath" : "lunge.mp4",
		       "workoutItemId" : 0,
		       "workoutSessionId" : 0,
		       "workoutTime" : 30
		    },
		    {
		       "breakTime" : 30,
		       "description" : "russian_twist_l with count 10 stress 1.4",
		       "elapsedTime" : 0,
		       "finished" : false,
		       "imagePath" : "file:///data/user/0/com.health.openworkout/files/My%20custom%20full%20training/image/russian_twist_l.png",
		       "isImagePathExternal" : true,
		       "isTimeMode" : false,
		       "isVideoPathExternal" : true,
		       "name" : "russian_twist_l",
		       "orderNr" : -1,
		       "prepTime" : 5,
		       "repetitionCount" : 14,
		       "videoPath" : "file:///data/user/0/com.health.openworkout/files/My%20custom%20full%20training/video/russian_twist_l.mp4",
		       "workoutItemId" : 0,
		       "workoutSessionId" : 0,
		       "workoutTime" : 30
		    },
		    {
		       "breakTime" : 30,
		       "description" : "russian_twist_r with count 10 stress 1.4",
		       "elapsedTime" : 0,
		       "finished" : false,
		       "imagePath" : "file:///data/user/0/com.health.openworkout/files/My%20custom%20full%20training/image/russian_twist_r.png",
		       "isImagePathExternal" : true,
		       "isTimeMode" : false,
		       "isVideoPathExternal" : true,
		       "name" : "russian_twist_r",
		       "orderNr" : -1,
		       "prepTime" : 5,
		       "repetitionCount" : 14,
		       "videoPath" : "file:///data/user/0/com.health.openworkout/files/My%20custom%20full%20training/video/russian_twist_r.mp4",
		       "workoutItemId" : 0,
		       "workoutSessionId" : 0,
		       "workoutTime" : 30
		    },
		    {
		       "breakTime" : 30,
		       "description" : "victory with count 30 stress 1.4",
		       "elapsedTime" : 0,
		       "finished" : false,
		       "imagePath" : "victory.png",
		       "isImagePathExternal" : false,
		       "isTimeMode" : false,
		       "isVideoPathExternal" : false,
		       "name" : "victory",
		       "orderNr" : -1,
		       "prepTime" : 5,
		       "repetitionCount" : 42,
		       "videoPath" : "victory.mp4",
		       "workoutItemId" : 0,
		       "workoutSessionId" : 0,
		       "workoutTime" : 30
		    }
         ],
         "workoutSessionId" : 0
      },
      {
         "finished" : false,
         "name" : "17. day",
         "orderNr" : 16,
         "trainingPlanId" : 5,
         "workoutItems" : [
		    {
		       "breakTime" : 30,
		       "description" : "lying_toe_taps with count 30 stress 1.4",
		       "elapsedTime" : 0,
		       "finished" : false,
		       "imagePath" : "file:///data/user/0/com.health.openworkout/files/My%20custom%20full%20training/image/lying_toe_taps.png",
		       "isImagePathExternal" : true,
		       "isTimeMode" : false,
		       "isVideoPathExternal" : true,
		       "name" : "lying_toe_taps",
		       "orderNr" : -1,
		       "prepTime" : 5,
		       "repetitionCount" : 42,
		       "videoPath" : "file:///data/user/0/com.health.openworkout/files/My%20custom%20full%20training/video/lying_toe_taps.mp4",
		       "workoutItemId" : 0,
		       "workoutSessionId" : 0,
		       "workoutTime" : 30
		    },
		    {
		       "breakTime" : 30,
		       "description" : "donkey_kick with count 25 stress 1.4",
		       "elapsedTime" : 0,
		       "finished" : false,
		       "imagePath" : "donkey_kick.png",
		       "isImagePathExternal" : false,
		       "isTimeMode" : false,
		       "isVideoPathExternal" : false,
		       "name" : "donkey_kick",
		       "orderNr" : -1,
		       "prepTime" : 5,
		       "repetitionCount" : 35,
		       "videoPath" : "donkey_kick.mp4",
		       "workoutItemId" : 0,
		       "workoutSessionId" : 0,
		       "workoutTime" : 30
		    },
		    {
		       "breakTime" : 30,
		       "description" : "inchworm with count 25 stress 1.4",
		       "elapsedTime" : 0,
		       "finished" : false,
		       "imagePath" : "file:///data/user/0/com.health.openworkout/files/My%20custom%20full%20training/image/inchworm.png",
		       "isImagePathExternal" : true,
		       "isTimeMode" : false,
		       "isVideoPathExternal" : true,
		       "name" : "inchworm",
		       "orderNr" : -1,
		       "prepTime" : 5,
		       "repetitionCount" : 35,
		       "videoPath" : "file:///data/user/0/com.health.openworkout/files/My%20custom%20full%20training/video/inchworm.mp4",
		       "workoutItemId" : 0,
		       "workoutSessionId" : 0,
		       "workoutTime" : 30
		    },
		    {
		       "breakTime" : 30,
		       "description" : "high_knees with count 15 stress 1.4",
		       "elapsedTime" : 0,
		       "finished" : false,
		       "imagePath" : "high_knees.png",
		       "isImagePathExternal" : false,
		       "isTimeMode" : false,
		       "isVideoPathExternal" : false,
		       "name" : "high_knees",
		       "orderNr" : -1,
		       "prepTime" : 5,
		       "repetitionCount" : 21,
		       "videoPath" : "high_knees.mp4",
		       "workoutItemId" : 0,
		       "workoutSessionId" : 0,
		       "workoutTime" : 30
		    },
		    {
		       "breakTime" : 30,
		       "description" : "cradle_walk with count 10 stress 1.4",
		       "elapsedTime" : 0,
		       "finished" : false,
		       "imagePath" : "file:///data/user/0/com.health.openworkout/files/My%20custom%20full%20training/image/cradle_walk.png",
		       "isImagePathExternal" : true,
		       "isTimeMode" : false,
		       "isVideoPathExternal" : true,
		       "name" : "cradle_walk",
		       "orderNr" : -1,
		       "prepTime" : 5,
		       "repetitionCount" : 14,
		       "videoPath" : "file:///data/user/0/com.health.openworkout/files/My%20custom%20full%20training/video/cradle_walk.mp4",
		       "workoutItemId" : 0,
		       "workoutSessionId" : 0,
		       "workoutTime" : 30
		    },
		    {
		       "breakTime" : 30,
		       "description" : "victory with count 30 stress 1.4",
		       "elapsedTime" : 0,
		       "finished" : false,
		       "imagePath" : "victory.png",
		       "isImagePathExternal" : false,
		       "isTimeMode" : false,
		       "isVideoPathExternal" : false,
		       "name" : "victory",
		       "orderNr" : -1,
		       "prepTime" : 5,
		       "repetitionCount" : 42,
		       "videoPath" : "victory.mp4",
		       "workoutItemId" : 0,
		       "workoutSessionId" : 0,
		       "workoutTime" : 30
		    }
         ],
         "workoutSessionId" : 0
      },
      {
         "finished" : false,
         "name" : "18. day",
         "orderNr" : 17,
         "trainingPlanId" : 5,
         "workoutItems" : [
		    {
		       "breakTime" : 30,
		       "description" : "abdonminal_crunch with count 30 stress 1.4",
		       "elapsedTime" : 0,
		       "finished" : false,
		       "imagePath" : "abdonminal_crunch.png",
		       "isImagePathExternal" : false,
		       "isTimeMode" : false,
		       "isVideoPathExternal" : false,
		       "name" : "abdonminal_crunch",
		       "orderNr" : -1,
		       "prepTime" : 5,
		       "repetitionCount" : 42,
		       "videoPath" : "abdonminal_crunch.mp4",
		       "workoutItemId" : 0,
		       "workoutSessionId" : 0,
		       "workoutTime" : 30
		    },
		    {
		       "breakTime" : 30,
		       "description" : "modified_push_up_to_forearms with count 25 stress 1.4",
		       "elapsedTime" : 0,
		       "finished" : false,
		       "imagePath" : "file:///data/user/0/com.health.openworkout/files/My%20custom%20full%20training/image/modified_push_up_to_forearms.png",
		       "isImagePathExternal" : true,
		       "isTimeMode" : false,
		       "isVideoPathExternal" : true,
		       "name" : "modified_push_up_to_forearms",
		       "orderNr" : -1,
		       "prepTime" : 5,
		       "repetitionCount" : 35,
		       "videoPath" : "file:///data/user/0/com.health.openworkout/files/My%20custom%20full%20training/video/modified_push_up_to_forearms.mp4",
		       "workoutItemId" : 0,
		       "workoutSessionId" : 0,
		       "workoutTime" : 30
		    },
		    {
		       "breakTime" : 30,
		       "description" : "air_squad_bent_arms with count 25 stress 1.4",
		       "elapsedTime" : 0,
		       "finished" : false,
		       "imagePath" : "air_squad_bent_arms.png",
		       "isImagePathExternal" : false,
		       "isTimeMode" : false,
		       "isVideoPathExternal" : false,
		       "name" : "air_squad_bent_arms",
		       "orderNr" : -1,
		       "prepTime" : 5,
		       "repetitionCount" : 35,
		       "videoPath" : "air_squad_bent_arms.mp4",
		       "workoutItemId" : 0,
		       "workoutSessionId" : 0,
		       "workoutTime" : 30
		    },
		    {
		       "breakTime" : 30,
		       "description" : "mountain_climbers with count 15 stress 1.4",
		       "elapsedTime" : 0,
		       "finished" : false,
		       "imagePath" : "mountain_climbers.png",
		       "isImagePathExternal" : false,
		       "isTimeMode" : false,
		       "isVideoPathExternal" : false,
		       "name" : "mountain_climbers",
		       "orderNr" : -1,
		       "prepTime" : 5,
		       "repetitionCount" : 21,
		       "videoPath" : "mountain_climbers.mp4",
		       "workoutItemId" : 0,
		       "workoutSessionId" : 0,
		       "workoutTime" : 30
		    },
		    {
		       "breakTime" : 30,
		       "description" : "rocking_hollow_body_hold with count 10 stress 1.4",
		       "elapsedTime" : 0,
		       "finished" : false,
		       "imagePath" : "file:///data/user/0/com.health.openworkout/files/My%20custom%20full%20training/image/rocking_hollow_body_hold.png",
		       "isImagePathExternal" : true,
		       "isTimeMode" : true,
		       "isVideoPathExternal" : true,
		       "name" : "rocking_hollow_body_hold",
		       "orderNr" : -1,
		       "prepTime" : 5,
		       "repetitionCount" : 14,
		       "videoPath" : "file:///data/user/0/com.health.openworkout/files/My%20custom%20full%20training/video/rocking_hollow_body_hold.mp4",
		       "workoutItemId" : 0,
		       "workoutSessionId" : 0,
		       "workoutTime" : 30
		    },
		    {
		       "breakTime" : 30,
		       "description" : "victory with count 30 stress 1.4",
		       "elapsedTime" : 0,
		       "finished" : false,
		       "imagePath" : "victory.png",
		       "isImagePathExternal" : false,
		       "isTimeMode" : false,
		       "isVideoPathExternal" : false,
		       "name" : "victory",
		       "orderNr" : -1,
		       "prepTime" : 5,
		       "repetitionCount" : 42,
		       "videoPath" : "victory.mp4",
		       "workoutItemId" : 0,
		       "workoutSessionId" : 0,
		       "workoutTime" : 30
		    }
         ],
         "workoutSessionId" : 0
      },
      {
         "finished" : false,
         "name" : "19. day",
         "orderNr" : 18,
         "trainingPlanId" : 5,
         "workoutItems" : [
		    {
		       "breakTime" : 30,
		       "description" : "bicycle_crunch with count 30 stress 1.4",
		       "elapsedTime" : 0,
		       "finished" : false,
		       "imagePath" : "bicycle_crunch.png",
		       "isImagePathExternal" : false,
		       "isTimeMode" : false,
		       "isVideoPathExternal" : false,
		       "name" : "bicycle_crunch",
		       "orderNr" : -1,
		       "prepTime" : 5,
		       "repetitionCount" : 42,
		       "videoPath" : "bicycle_crunch.mp4",
		       "workoutItemId" : 0,
		       "workoutSessionId" : 0,
		       "workoutTime" : 30
		    },
		    {
		       "breakTime" : 30,
		       "description" : "hollow_body_hold with count 25 stress 1.4",
		       "elapsedTime" : 0,
		       "finished" : false,
		       "imagePath" : "file:///data/user/0/com.health.openworkout/files/My%20custom%20full%20training/image/hollow_body_hold.png",
		       "isImagePathExternal" : true,
		       "isTimeMode" : false,
		       "isVideoPathExternal" : true,
		       "name" : "hollow_body_hold",
		       "orderNr" : -1,
		       "prepTime" : 5,
		       "repetitionCount" : 35,
		       "videoPath" : "file:///data/user/0/com.health.openworkout/files/My%20custom%20full%20training/video/hollow_body_hold.mp4",
		       "workoutItemId" : 0,
		       "workoutSessionId" : 0,
		       "workoutTime" : 30
		    },
		    {
		       "breakTime" : 30,
		       "description" : "plank with count 25 stress 1.4",
		       "elapsedTime" : 0,
		       "finished" : false,
		       "imagePath" : "plank.png",
		       "isImagePathExternal" : false,
		       "isTimeMode" : true,
		       "isVideoPathExternal" : false,
		       "name" : "plank",
		       "orderNr" : -1,
		       "prepTime" : 5,
		       "repetitionCount" : 35,
		       "videoPath" : "plank.mp4",
		       "workoutItemId" : 0,
		       "workoutSessionId" : 0,
		       "workoutTime" : 30
		    },
		    {
		       "breakTime" : 30,
		       "description" : "side_plank_l with count 15 stress 1.4",
		       "elapsedTime" : 0,
		       "finished" : false,
		       "imagePath" : "file:///data/user/0/com.health.openworkout/files/My%20custom%20full%20training/image/side_plank_l.png",
		       "isImagePathExternal" : true,
		       "isTimeMode" : true,
		       "isVideoPathExternal" : true,
		       "name" : "side_plank_l",
		       "orderNr" : -1,
		       "prepTime" : 5,
		       "repetitionCount" : 21,
		       "videoPath" : "file:///data/user/0/com.health.openworkout/files/My%20custom%20full%20training/video/side_plank_l.mp4",
		       "workoutItemId" : 0,
		       "workoutSessionId" : 0,
		       "workoutTime" : 30
		    },
		    {
		       "breakTime" : 30,
		       "description" : "side_plank_r with count 15 stress 1.4",
		       "elapsedTime" : 0,
		       "finished" : false,
		       "imagePath" : "file:///data/user/0/com.health.openworkout/files/My%20custom%20full%20training/image/side_plank_r.png",
		       "isImagePathExternal" : true,
		       "isTimeMode" : true,
		       "isVideoPathExternal" : true,
		       "name" : "side_plank_r",
		       "orderNr" : -1,
		       "prepTime" : 5,
		       "repetitionCount" : 21,
		       "videoPath" : "file:///data/user/0/com.health.openworkout/files/My%20custom%20full%20training/video/side_plank_r.mp4",
		       "workoutItemId" : 0,
		       "workoutSessionId" : 0,
		       "workoutTime" : 30
		    },
		    {
		       "breakTime" : 30,
		       "description" : "pike_walk with count 10 stress 1.4",
		       "elapsedTime" : 0,
		       "finished" : false,
		       "imagePath" : "pike_walk.png",
		       "isImagePathExternal" : false,
		       "isTimeMode" : false,
		       "isVideoPathExternal" : false,
		       "name" : "pike_walk",
		       "orderNr" : -1,
		       "prepTime" : 5,
		       "repetitionCount" : 14,
		       "videoPath" : "pike_walk.mp4",
		       "workoutItemId" : 0,
		       "workoutSessionId" : 0,
		       "workoutTime" : 30
		    },
		    {
		       "breakTime" : 30,
		       "description" : "victory with count 30 stress 1.4",
		       "elapsedTime" : 0,
		       "finished" : false,
		       "imagePath" : "victory.png",
		       "isImagePathExternal" : false,
		       "isTimeMode" : false,
		       "isVideoPathExternal" : false,
		       "name" : "victory",
		       "orderNr" : -1,
		       "prepTime" : 5,
		       "repetitionCount" : 42,
		       "videoPath" : "victory.mp4",
		       "workoutItemId" : 0,
		       "workoutSessionId" : 0,
		       "workoutTime" : 30
		    }
         ],
         "workoutSessionId" : 0
      },
      {
         "finished" : false,
         "name" : "20. day",
         "orderNr" : 19,
         "trainingPlanId" : 5,
         "workoutItems" : [
		    {
		       "breakTime" : 30,
		       "description" : "arm_circles with count 30 stress 1.4",
		       "elapsedTime" : 0,
		       "finished" : false,
		       "imagePath" : "file:///data/user/0/com.health.openworkout/files/My%20custom%20full%20training/image/arm_circles.png",
		       "isImagePathExternal" : true,
		       "isTimeMode" : false,
		       "isVideoPathExternal" : true,
		       "name" : "arm_circles",
		       "orderNr" : -1,
		       "prepTime" : 5,
		       "repetitionCount" : 42,
		       "videoPath" : "file:///data/user/0/com.health.openworkout/files/My%20custom%20full%20training/video/arm_circles.mp4",
		       "workoutItemId" : 0,
		       "workoutSessionId" : 0,
		       "workoutTime" : 30
		    },
		    {
		       "breakTime" : 30,
		       "description" : "rocking_frog_stretch with count 25 stress 1.4",
		       "elapsedTime" : 0,
		       "finished" : false,
		       "imagePath" : "file:///data/user/0/com.health.openworkout/files/My%20custom%20full%20training/image/rocking_frog_stretch.png",
		       "isImagePathExternal" : true,
		       "isTimeMode" : false,
		       "isVideoPathExternal" : true,
		       "name" : "rocking_frog_stretch",
		       "orderNr" : -1,
		       "prepTime" : 5,
		       "repetitionCount" : 35,
		       "videoPath" : "file:///data/user/0/com.health.openworkout/files/My%20custom%20full%20training/video/rocking_frog_stretch.mp4",
		       "workoutItemId" : 0,
		       "workoutSessionId" : 0,
		       "workoutTime" : 30
		    },
		    {
		       "breakTime" : 30,
		       "description" : "side_lying_clam_l with count 25 stress 1.4",
		       "elapsedTime" : 0,
		       "finished" : false,
		       "imagePath" : "file:///data/user/0/com.health.openworkout/files/My%20custom%20full%20training/image/side_lying_clam_l.png",
		       "isImagePathExternal" : true,
		       "isTimeMode" : false,
		       "isVideoPathExternal" : true,
		       "name" : "side_lying_clam_l",
		       "orderNr" : -1,
		       "prepTime" : 5,
		       "repetitionCount" : 35,
		       "videoPath" : "file:///data/user/0/com.health.openworkout/files/My%20custom%20full%20training/video/side_lying_clam_l.mp4",
		       "workoutItemId" : 0,
		       "workoutSessionId" : 0,
		       "workoutTime" : 30
		    },
		    {
		       "breakTime" : 30,
		       "description" : "side_lying_clam_r with count 25 stress 1.4",
		       "elapsedTime" : 0,
		       "finished" : false,
		       "imagePath" : "file:///data/user/0/com.health.openworkout/files/My%20custom%20full%20training/image/side_lying_clam_r.png",
		       "isImagePathExternal" : true,
		       "isTimeMode" : false,
		       "isVideoPathExternal" : true,
		       "name" : "side_lying_clam_r",
		       "orderNr" : -1,
		       "prepTime" : 5,
		       "repetitionCount" : 35,
		       "videoPath" : "file:///data/user/0/com.health.openworkout/files/My%20custom%20full%20training/video/side_lying_clam_r.mp4",
		       "workoutItemId" : 0,
		       "workoutSessionId" : 0,
		       "workoutTime" : 30
		    },
		    {
		       "breakTime" : 30,
		       "description" : "standing_biceps_stretch with count 15 stress 1.4",
		       "elapsedTime" : 0,
		       "finished" : false,
		       "imagePath" : "file:///data/user/0/com.health.openworkout/files/My%20custom%20full%20training/image/standing_biceps_stretch.png",
		       "isImagePathExternal" : true,
		       "isTimeMode" : false,
		       "isVideoPathExternal" : true,
		       "name" : "standing_biceps_stretch",
		       "orderNr" : -1,
		       "prepTime" : 5,
		       "repetitionCount" : 21,
		       "videoPath" : "file:///data/user/0/com.health.openworkout/files/My%20custom%20full%20training/video/standing_biceps_stretch.mp4",
		       "workoutItemId" : 0,
		       "workoutSessionId" : 0,
		       "workoutTime" : 30
		    },
		    {
		       "breakTime" : 30,
		       "description" : "diamond_push_up with count 10 stress 1.4",
		       "elapsedTime" : 0,
		       "finished" : false,
		       "imagePath" : "file:///data/user/0/com.health.openworkout/files/My%20custom%20full%20training/image/diamond_push_up.png",
		       "isImagePathExternal" : true,
		       "isTimeMode" : false,
		       "isVideoPathExternal" : true,
		       "name" : "diamond_push_up",
		       "orderNr" : -1,
		       "prepTime" : 5,
		       "repetitionCount" : 14,
		       "videoPath" : "file:///data/user/0/com.health.openworkout/files/My%20custom%20full%20training/video/diamond_push_up.mp4",
		       "workoutItemId" : 0,
		       "workoutSessionId" : 0,
		       "workoutTime" : 30
		    },
		    {
		       "breakTime" : 30,
		       "description" : "victory with count 30 stress 1.4",
		       "elapsedTime" : 0,
		       "finished" : false,
		       "imagePath" : "victory.png",
		       "isImagePathExternal" : false,
		       "isTimeMode" : false,
		       "isVideoPathExternal" : false,
		       "name" : "victory",
		       "orderNr" : -1,
		       "prepTime" : 5,
		       "repetitionCount" : 42,
		       "videoPath" : "victory.mp4",
		       "workoutItemId" : 0,
		       "workoutSessionId" : 0,
		       "workoutTime" : 30
		    }
         ],
         "workoutSessionId" : 0
      },
      {
         "finished" : false,
         "name" : "21. day",
         "orderNr" : 20,
         "trainingPlanId" : 5,
         "workoutItems" : [
		    {
		       "breakTime" : 30,
		       "description" : "sphinx with count 30 stress 1.4",
		       "elapsedTime" : 0,
		       "finished" : false,
		       "imagePath" : "file:///data/user/0/com.health.openworkout/files/My%20custom%20full%20training/image/sphinx.png",
		       "isImagePathExternal" : true,
		       "isTimeMode" : false,
		       "isVideoPathExternal" : true,
		       "name" : "sphinx",
		       "orderNr" : -1,
		       "prepTime" : 5,
		       "repetitionCount" : 42,
		       "videoPath" : "file:///data/user/0/com.health.openworkout/files/My%20custom%20full%20training/video/sphinx.mp4",
		       "workoutItemId" : 0,
		       "workoutSessionId" : 0,
		       "workoutTime" : 30
		    },
		    {
		       "breakTime" : 30,
		       "description" : "squad with count 25 stress 1.4",
		       "elapsedTime" : 0,
		       "finished" : false,
		       "imagePath" : "squad.png",
		       "isImagePathExternal" : false,
		       "isTimeMode" : false,
		       "isVideoPathExternal" : false,
		       "name" : "squad",
		       "orderNr" : -1,
		       "prepTime" : 5,
		       "repetitionCount" : 35,
		       "videoPath" : "squad.mp4",
		       "workoutItemId" : 0,
		       "workoutSessionId" : 0,
		       "workoutTime" : 30
		    },
		    {
		       "breakTime" : 30,
		       "description" : "bird_dog with count 25 stress 1.4",
		       "elapsedTime" : 0,
		       "finished" : false,
		       "imagePath" : "file:///data/user/0/com.health.openworkout/files/My%20custom%20full%20training/image/bird_dog.png",
		       "isImagePathExternal" : true,
		       "isTimeMode" : false,
		       "isVideoPathExternal" : true,
		       "name" : "bird_dog",
		       "orderNr" : -1,
		       "prepTime" : 5,
		       "repetitionCount" : 35,
		       "videoPath" : "file:///data/user/0/com.health.openworkout/files/My%20custom%20full%20training/video/bird_dog.mp4",
		       "workoutItemId" : 0,
		       "workoutSessionId" : 0,
		       "workoutTime" : 30
		    },
		    {
		       "breakTime" : 30,
		       "description" : "quadruped_extension_rotation_l with count 15 stress 1.4",
		       "elapsedTime" : 0,
		       "finished" : false,
		       "imagePath" : "file:///data/user/0/com.health.openworkout/files/My%20custom%20full%20training/image/quadruped_extension_rotation_l.png",
		       "isImagePathExternal" : true,
		       "isTimeMode" : false,
		       "isVideoPathExternal" : true,
		       "name" : "quadruped_extension_rotation_l",
		       "orderNr" : -1,
		       "prepTime" : 5,
		       "repetitionCount" : 21,
		       "videoPath" : "file:///data/user/0/com.health.openworkout/files/My%20custom%20full%20training/video/quadruped_extension_rotation_l.mp4",
		       "workoutItemId" : 0,
		       "workoutSessionId" : 0,
		       "workoutTime" : 30
		    },
		    {
		       "breakTime" : 30,
		       "description" : "quadruped_extension_rotation_r with count 15 stress 1.4",
		       "elapsedTime" : 0,
		       "finished" : false,
		       "imagePath" : "file:///data/user/0/com.health.openworkout/files/My%20custom%20full%20training/image/quadruped_extension_rotation_r.png",
		       "isImagePathExternal" : true,
		       "isTimeMode" : false,
		       "isVideoPathExternal" : true,
		       "name" : "quadruped_extension_rotation_r",
		       "orderNr" : -1,
		       "prepTime" : 5,
		       "repetitionCount" : 21,
		       "videoPath" : "file:///data/user/0/com.health.openworkout/files/My%20custom%20full%20training/video/quadruped_extension_rotation_r.mp4",
		       "workoutItemId" : 0,
		       "workoutSessionId" : 0,
		       "workoutTime" : 30
		    },
		    {
		       "breakTime" : 30,
		       "description" : "pilates_l with count 10 stress 1.4",
		       "elapsedTime" : 0,
		       "finished" : false,
		       "imagePath" : "file:///data/user/0/com.health.openworkout/files/My%20custom%20full%20training/image/pilates_l.png",
		       "isImagePathExternal" : true,
		       "isTimeMode" : true,
		       "isVideoPathExternal" : true,
		       "name" : "pilates_l",
		       "orderNr" : -1,
		       "prepTime" : 5,
		       "repetitionCount" : 14,
		       "videoPath" : "file:///data/user/0/com.health.openworkout/files/My%20custom%20full%20training/video/pilates_l.mp4",
		       "workoutItemId" : 0,
		       "workoutSessionId" : 0,
		       "workoutTime" : 30
		    },
		    {
		       "breakTime" : 30,
		       "description" : "pilates_r with count 10 stress 1.4",
		       "elapsedTime" : 0,
		       "finished" : false,
		       "imagePath" : "file:///data/user/0/com.health.openworkout/files/My%20custom%20full%20training/image/pilates_r.png",
		       "isImagePathExternal" : true,
		       "isTimeMode" : true,
		       "isVideoPathExternal" : true,
		       "name" : "pilates_r",
		       "orderNr" : -1,
		       "prepTime" : 5,
		       "repetitionCount" : 14,
		       "videoPath" : "file:///data/user/0/com.health.openworkout/files/My%20custom%20full%20training/video/pilates_r.mp4",
		       "workoutItemId" : 0,
		       "workoutSessionId" : 0,
		       "workoutTime" : 30
		    },
		    {
		       "breakTime" : 30,
		       "description" : "victory with count 30 stress 1.4",
		       "elapsedTime" : 0,
		       "finished" : false,
		       "imagePath" : "victory.png",
		       "isImagePathExternal" : false,
		       "isTimeMode" : false,
		       "isVideoPathExternal" : false,
		       "name" : "victory",
		       "orderNr" : -1,
		       "prepTime" : 5,
		       "repetitionCount" : 42,
		       "videoPath" : "victory.mp4",
		       "workoutItemId" : 0,
		       "workoutSessionId" : 0,
		       "workoutTime" : 30
		    }
         ],
         "workoutSessionId" : 0
      },
      {
         "finished" : false,
         "name" : "22. day",
         "orderNr" : 21,
         "trainingPlanId" : 5,
         "workoutItems" : [
		    {
		       "breakTime" : 30,
		       "description" : "yoga with count 25 stress 1.4",
		       "elapsedTime" : 0,
		       "finished" : false,
		       "imagePath" : "file:///data/user/0/com.health.openworkout/files/My%20custom%20full%20training/image/yoga.png",
		       "isImagePathExternal" : true,
		       "isTimeMode" : true,
		       "isVideoPathExternal" : true,
		       "name" : "yoga",
		       "orderNr" : -1,
		       "prepTime" : 5,
		       "repetitionCount" : 35,
		       "videoPath" : "file:///data/user/0/com.health.openworkout/files/My%20custom%20full%20training/video/yoga.mp4",
		       "workoutItemId" : 0,
		       "workoutSessionId" : 0,
		       "workoutTime" : 30
		    },
		    {
		       "breakTime" : 30,
		       "description" : "side_leg_raise_l with count 25 stress 1.4",
		       "elapsedTime" : 0,
		       "finished" : false,
		       "imagePath" : "file:///data/user/0/com.health.openworkout/files/My%20custom%20full%20training/image/side_leg_raise_l.png",
		       "isImagePathExternal" : true,
		       "isTimeMode" : false,
		       "isVideoPathExternal" : true,
		       "name" : "side_leg_raise_l",
		       "orderNr" : -1,
		       "prepTime" : 5,
		       "repetitionCount" : 35,
		       "videoPath" : "file:///data/user/0/com.health.openworkout/files/My%20custom%20full%20training/video/side_leg_raise_l.mp4",
		       "workoutItemId" : 0,
		       "workoutSessionId" : 0,
		       "workoutTime" : 30
		    },
		    {
		       "breakTime" : 30,
		       "description" : "side_leg_raise_r with count 25 stress 1.4",
		       "elapsedTime" : 0,
		       "finished" : false,
		       "imagePath" : "file:///data/user/0/com.health.openworkout/files/My%20custom%20full%20training/image/side_leg_raise_r.png",
		       "isImagePathExternal" : true,
		       "isTimeMode" : false,
		       "isVideoPathExternal" : true,
		       "name" : "side_leg_raise_r",
		       "orderNr" : -1,
		       "prepTime" : 5,
		       "repetitionCount" : 35,
		       "videoPath" : "file:///data/user/0/com.health.openworkout/files/My%20custom%20full%20training/video/side_leg_raise_r.mp4",
		       "workoutItemId" : 0,
		       "workoutSessionId" : 0,
		       "workoutTime" : 30
		    },
		    {
		       "breakTime" : 30,
		       "description" : "spiderman_push_up with count 6 stress 1.4",
		       "elapsedTime" : 0,
		       "finished" : false,
		       "imagePath" : "file:///data/user/0/com.health.openworkout/files/My%20custom%20full%20training/image/spiderman_push_up.png",
		       "isImagePathExternal" : true,
		       "isTimeMode" : false,
		       "isVideoPathExternal" : true,
		       "name" : "spiderman_push_up",
		       "orderNr" : -1,
		       "prepTime" : 5,
		       "repetitionCount" : 8,
		       "videoPath" : "file:///data/user/0/com.health.openworkout/files/My%20custom%20full%20training/video/spiderman_push_up.mp4",
		       "workoutItemId" : 0,
		       "workoutSessionId" : 0,
		       "workoutTime" : 30
		    },
		    {
		       "breakTime" : 30,
		       "description" : "victory with count 30 stress 1.4",
		       "elapsedTime" : 0,
		       "finished" : false,
		       "imagePath" : "victory.png",
		       "isImagePathExternal" : false,
		       "isTimeMode" : false,
		       "isVideoPathExternal" : false,
		       "name" : "victory",
		       "orderNr" : -1,
		       "prepTime" : 5,
		       "repetitionCount" : 42,
		       "videoPath" : "victory.mp4",
		       "workoutItemId" : 0,
		       "workoutSessionId" : 0,
		       "workoutTime" : 30
		    }
         ],
         "workoutSessionId" : 0
      }
   ]
}
