{
   "countFinishedTraining" : 0,
   "imagePath" : "Training.png",
   "isImagePathExternal" : false,
   "name" : "My custom  training",
   "orderNr" : 0,
   "trainingPlanId" : 0,
   "workoutSessions" : [
      {
         "finished" : false,
         "name" : "1. day",
         "orderNr" : 0,
         "trainingPlanId" : 5,
         "workoutItems" : [
            {
               "breakTime" : 30,
               "description" : "jumping_jack with count 15 stress 1.0",
               "elapsedTime" : 0,
               "finished" : false,
               "imagePath" : "jumping_jack.png",
               "isImagePathExternal" : false,
               "isTimeMode" : true,
               "isVideoPathExternal" : false,
               "name" : "jumping_jack",
               "orderNr" : -1,
               "prepTime" : 5,
               "repetitionCount" : 15,
               "videoPath" : "jumping_jack.mp4",
               "workoutItemId" : 0,
               "workoutSessionId" : 0,
               "workoutTime" : 30
            },
            {
               "breakTime" : 30,
               "description" : "one_leg_pushup_left with count 5 stress 1.0",
               "elapsedTime" : 0,
               "finished" : false,
               "imagePath" : "one_leg_pushup_left.png",
               "isImagePathExternal" : false,
               "isTimeMode" : false,
               "isVideoPathExternal" : false,
               "name" : "one_leg_pushup_left",
               "orderNr" : -1,
               "prepTime" : 5,
               "repetitionCount" : 5,
               "videoPath" : "one_leg_pushup_left.mp4",
               "workoutItemId" : 0,
               "workoutSessionId" : 0,
               "workoutTime" : 30
            },
            {
               "breakTime" : 30,
               "description" : "one_leg_pushup_right with count 2 stress 1.0",
               "elapsedTime" : 0,
               "finished" : false,
               "imagePath" : "one_leg_pushup_right.png",
               "isImagePathExternal" : false,
               "isTimeMode" : false,
               "isVideoPathExternal" : false,
               "name" : "one_leg_pushup_right",
               "orderNr" : -1,
               "prepTime" : 5,
               "repetitionCount" : 2,
               "videoPath" : "one_leg_pushup_right.mp4",
               "workoutItemId" : 0,
               "workoutSessionId" : 0,
               "workoutTime" : 30
            }
         ],
         "workoutSessionId" : 0
      },
      {
         "finished" : false,
         "name" : "2. day",
         "orderNr" : 1,
         "trainingPlanId" : 5,
         "workoutItems" : [
            {
               "breakTime" : 30,
               "description" : "jumping_jack with count 15 stress 1.0",
               "elapsedTime" : 0,
               "finished" : false,
               "imagePath" : "jumping_jack.png",
               "isImagePathExternal" : false,
               "isTimeMode" : true,
               "isVideoPathExternal" : false,
               "name" : "jumping_jack",
               "orderNr" : -1,
               "prepTime" : 5,
               "repetitionCount" : 15,
               "videoPath" : "jumping_jack.mp4",
               "workoutItemId" : 0,
               "workoutSessionId" : 0,
               "workoutTime" : 30
            },
            {
               "breakTime" : 30,
               "description" : "one_leg_pushup_left with count 10 stress 1.0",
               "elapsedTime" : 0,
               "finished" : false,
               "imagePath" : "one_leg_pushup_left.png",
               "isImagePathExternal" : false,
               "isTimeMode" : false,
               "isVideoPathExternal" : false,
               "name" : "one_leg_pushup_left",
               "orderNr" : -1,
               "prepTime" : 5,
               "repetitionCount" : 10,
               "videoPath" : "one_leg_pushup_left.mp4",
               "workoutItemId" : 0,
               "workoutSessionId" : 0,
               "workoutTime" : 30
            },
            {
               "breakTime" : 30,
               "description" : "one_leg_pushup_right with count 5 stress 1.0",
               "elapsedTime" : 0,
               "finished" : false,
               "imagePath" : "one_leg_pushup_right.png",
               "isImagePathExternal" : false,
               "isTimeMode" : true,
               "isVideoPathExternal" : false,
               "name" : "one_leg_pushup_right",
               "orderNr" : -1,
               "prepTime" : 5,
               "repetitionCount" : 5,
               "videoPath" : "one_leg_pushup_right.mp4",
               "workoutItemId" : 0,
               "workoutSessionId" : 0,
               "workoutTime" : 30
            }
         ],
         "workoutSessionId" : 0
      },
      {
         "finished" : false,
         "name" : "3. day",
         "orderNr" : 2,
         "trainingPlanId" : 5,
         "workoutItems" : [
            {
               "breakTime" : 30,
               "description" : "jumping_jack with count 18 stress 1.0",
               "elapsedTime" : 0,
               "finished" : false,
               "imagePath" : "jumping_jack.png",
               "isImagePathExternal" : false,
               "isTimeMode" : true,
               "isVideoPathExternal" : false,
               "name" : "jumping_jack",
               "orderNr" : -1,
               "prepTime" : 5,
               "repetitionCount" : 18,
               "videoPath" : "jumping_jack.mp4",
               "workoutItemId" : 0,
               "workoutSessionId" : 0,
               "workoutTime" : 30
            },
            {
               "breakTime" : 30,
               "description" : "one_leg_pushup_left with count 4 stress 1.0",
               "elapsedTime" : 0,
               "finished" : false,
               "imagePath" : "one_leg_pushup_left.png",
               "isImagePathExternal" : false,
               "isTimeMode" : false,
               "isVideoPathExternal" : false,
               "name" : "one_leg_pushup_left",
               "orderNr" : -1,
               "prepTime" : 5,
               "repetitionCount" : 4,
               "videoPath" : "one_leg_pushup_left.mp4",
               "workoutItemId" : 0,
               "workoutSessionId" : 0,
               "workoutTime" : 30
            },
            {
               "breakTime" : 30,
               "description" : "one_leg_pushup_right with count 10 stress 1.0",
               "elapsedTime" : 0,
               "finished" : false,
               "imagePath" : "one_leg_pushup_right.png",
               "isImagePathExternal" : false,
               "isTimeMode" : true,
               "isVideoPathExternal" : false,
               "name" : "one_leg_pushup_right",
               "orderNr" : -1,
               "prepTime" : 5,
               "repetitionCount" : 10,
               "videoPath" : "one_leg_pushup_right.mp4",
               "workoutItemId" : 0,
               "workoutSessionId" : 0,
               "workoutTime" : 30
            }
         ],
         "workoutSessionId" : 0
      },
      {
         "finished" : false,
         "name" : "4. day",
         "orderNr" : 3,
         "trainingPlanId" : 5,
         "workoutItems" : [
            {
               "breakTime" : 30,
               "description" : "jumping_jack with count 22 stress 1.0",
               "elapsedTime" : 0,
               "finished" : false,
               "imagePath" : "jumping_jack.png",
               "isImagePathExternal" : false,
               "isTimeMode" : true,
               "isVideoPathExternal" : false,
               "name" : "jumping_jack",
               "orderNr" : -1,
               "prepTime" : 5,
               "repetitionCount" : 22,
               "videoPath" : "jumping_jack.mp4",
               "workoutItemId" : 0,
               "workoutSessionId" : 0,
               "workoutTime" : 30
            },
            {
               "breakTime" : 30,
               "description" : "one_leg_pushup_left with count 10 stress 1.0",
               "elapsedTime" : 0,
               "finished" : false,
               "imagePath" : "one_leg_pushup_left.png",
               "isImagePathExternal" : false,
               "isTimeMode" : false,
               "isVideoPathExternal" : false,
               "name" : "one_leg_pushup_left",
               "orderNr" : -1,
               "prepTime" : 5,
               "repetitionCount" : 10,
               "videoPath" : "one_leg_pushup_left.mp4",
               "workoutItemId" : 0,
               "workoutSessionId" : 0,
               "workoutTime" : 30
            },
            {
               "breakTime" : 30,
               "description" : "one_leg_pushup_right with count 12 stress 1.0",
               "elapsedTime" : 0,
               "finished" : false,
               "imagePath" : "one_leg_pushup_right.png",
               "isImagePathExternal" : false,
               "isTimeMode" : false,
               "isVideoPathExternal" : false,
               "name" : "one_leg_pushup_right",
               "orderNr" : -1,
               "prepTime" : 5,
               "repetitionCount" : 12,
               "videoPath" : "one_leg_pushup_right.mp4",
               "workoutItemId" : 0,
               "workoutSessionId" : 0,
               "workoutTime" : 30
            }
         ],
         "workoutSessionId" : 0
      },
      {
         "finished" : false,
         "name" : "5. day",
         "orderNr" : 4,
         "trainingPlanId" : 5,
         "workoutItems" : [
            {
               "breakTime" : 30,
               "description" : "jumping_jack with count 25 stress 1.0",
               "elapsedTime" : 0,
               "finished" : false,
               "imagePath" : "jumping_jack.png",
               "isImagePathExternal" : false,
               "isTimeMode" : true,
               "isVideoPathExternal" : false,
               "name" : "jumping_jack",
               "orderNr" : -1,
               "prepTime" : 5,
               "repetitionCount" : 25,
               "videoPath" : "jumping_jack.mp4",
               "workoutItemId" : 0,
               "workoutSessionId" : 0,
               "workoutTime" : 30
            },
            {
               "breakTime" : 30,
               "description" : "one_leg_pushup_left with count 20 stress 1.0",
               "elapsedTime" : 0,
               "finished" : false,
               "imagePath" : "one_leg_pushup_left.png",
               "isImagePathExternal" : false,
               "isTimeMode" : true,
               "isVideoPathExternal" : false,
               "name" : "one_leg_pushup_left",
               "orderNr" : -1,
               "prepTime" : 5,
               "repetitionCount" : 20,
               "videoPath" : "one_leg_pushup_left.mp4",
               "workoutItemId" : 0,
               "workoutSessionId" : 0,
               "workoutTime" : 30
            },
            {
               "breakTime" : 30,
               "description" : "one_leg_pushup_right with count 20 stress 1.0",
               "elapsedTime" : 0,
               "finished" : false,
               "imagePath" : "one_leg_pushup_right.png",
               "isImagePathExternal" : false,
               "isTimeMode" : true,
               "isVideoPathExternal" : false,
               "name" : "one_leg_pushup_right",
               "orderNr" : -1,
               "prepTime" : 5,
               "repetitionCount" : 20,
               "videoPath" : "one_leg_pushup_right.mp4",
               "workoutItemId" : 0,
               "workoutSessionId" : 0,
               "workoutTime" : 30
            }
         ],
         "workoutSessionId" : 0
      },
      {
         "finished" : false,
         "name" : "6. day",
         "orderNr" : 5,
         "trainingPlanId" : 5,
         "workoutItems" : [
            {
               "breakTime" : 30,
               "description" : "high_knees with count 30 stress 1.0",
               "elapsedTime" : 0,
               "finished" : false,
               "imagePath" : "high_knees.png",
               "isImagePathExternal" : false,
               "isTimeMode" : true,
               "isVideoPathExternal" : false,
               "name" : "high_knees",
               "orderNr" : -1,
               "prepTime" : 5,
               "repetitionCount" : 30,
               "videoPath" : "high_knees.mp4",
               "workoutItemId" : 0,
               "workoutSessionId" : 0,
               "workoutTime" : 30
            },
            {
               "breakTime" : 30,
               "description" : "one_leg_pushup_left with count 15 stress 1.0",
               "elapsedTime" : 0,
               "finished" : false,
               "imagePath" : "one_leg_pushup_left.png",
               "isImagePathExternal" : false,
               "isTimeMode" : false,
               "isVideoPathExternal" : false,
               "name" : "one_leg_pushup_left",
               "orderNr" : -1,
               "prepTime" : 5,
               "repetitionCount" : 15,
               "videoPath" : "one_leg_pushup_left.mp4",
               "workoutItemId" : 0,
               "workoutSessionId" : 0,
               "workoutTime" : 30
            },
            {
               "breakTime" : 30,
               "description" : "one_leg_pushup_right with count 15 stress 1.0",
               "elapsedTime" : 0,
               "finished" : false,
               "imagePath" : "one_leg_pushup_right.png",
               "isImagePathExternal" : false,
               "isTimeMode" : false,
               "isVideoPathExternal" : false,
               "name" : "one_leg_pushup_right",
               "orderNr" : -1,
               "prepTime" : 5,
               "repetitionCount" : 15,
               "videoPath" : "one_leg_pushup_right.mp4",
               "workoutItemId" : 0,
               "workoutSessionId" : 0,
               "workoutTime" : 30
            }
         ],
         "workoutSessionId" : 0
      },
      {
         "finished" : false,
         "name" : "7. day",
         "orderNr" : 6,
         "trainingPlanId" : 5,
         "workoutItems" : [
            {
               "breakTime" : 30,
               "description" : "jumping_jack with count 30 stress 1.0",
               "elapsedTime" : 0,
               "finished" : false,
               "imagePath" : "jumping_jack.png",
               "isImagePathExternal" : false,
               "isTimeMode" : true,
               "isVideoPathExternal" : false,
               "name" : "jumping_jack",
               "orderNr" : -1,
               "prepTime" : 5,
               "repetitionCount" : 30,
               "videoPath" : "jumping_jack.mp4",
               "workoutItemId" : 0,
               "workoutSessionId" : 0,
               "workoutTime" : 30
            },
            {
               "breakTime" : 30,
               "description" : "one_leg_pushup_left with count 5 stress 1.0",
               "elapsedTime" : 0,
               "finished" : false,
               "imagePath" : "one_leg_pushup_left.png",
               "isImagePathExternal" : false,
               "isTimeMode" : false,
               "isVideoPathExternal" : false,
               "name" : "one_leg_pushup_left",
               "orderNr" : -1,
               "prepTime" : 5,
               "repetitionCount" : 5,
               "videoPath" : "one_leg_pushup_left.mp4",
               "workoutItemId" : 0,
               "workoutSessionId" : 0,
               "workoutTime" : 30
            },
            {
               "breakTime" : 30,
               "description" : "one_leg_pushup_right with count 20 stress 1.0",
               "elapsedTime" : 0,
               "finished" : false,
               "imagePath" : "one_leg_pushup_right.png",
               "isImagePathExternal" : false,
               "isTimeMode" : true,
               "isVideoPathExternal" : false,
               "name" : "one_leg_pushup_right",
               "orderNr" : -1,
               "prepTime" : 5,
               "repetitionCount" : 20,
               "videoPath" : "one_leg_pushup_right.mp4",
               "workoutItemId" : 0,
               "workoutSessionId" : 0,
               "workoutTime" : 30
            }
         ],
         "workoutSessionId" : 0
      },
      {
         "finished" : false,
         "name" : "8. day",
         "orderNr" : 7,
         "trainingPlanId" : 5,
         "workoutItems" : [
            {
               "breakTime" : 30,
               "description" : "jumping_jack with count 35 stress 1.2",
               "elapsedTime" : 0,
               "finished" : false,
               "imagePath" : "jumping_jack.png",
               "isImagePathExternal" : false,
               "isTimeMode" : true,
               "isVideoPathExternal" : false,
               "name" : "jumping_jack",
               "orderNr" : -1,
               "prepTime" : 5,
               "repetitionCount" : 42,
               "videoPath" : "jumping_jack.mp4",
               "workoutItemId" : 0,
               "workoutSessionId" : 0,
               "workoutTime" : 30
            },
            {
               "breakTime" : 30,
               "description" : "one_leg_pushup_left with count 16 stress 1.2",
               "elapsedTime" : 0,
               "finished" : false,
               "imagePath" : "one_leg_pushup_left.png",
               "isImagePathExternal" : false,
               "isTimeMode" : false,
               "isVideoPathExternal" : false,
               "name" : "one_leg_pushup_left",
               "orderNr" : -1,
               "prepTime" : 5,
               "repetitionCount" : 19,
               "videoPath" : "one_leg_pushup_left.mp4",
               "workoutItemId" : 0,
               "workoutSessionId" : 0,
               "workoutTime" : 30
            },
            {
               "breakTime" : 30,
               "description" : "one_leg_pushup_right with count 15 stress 1.2",
               "elapsedTime" : 0,
               "finished" : false,
               "imagePath" : "one_leg_pushup_right.png",
               "isImagePathExternal" : false,
               "isTimeMode" : true,
               "isVideoPathExternal" : false,
               "name" : "one_leg_pushup_right",
               "orderNr" : -1,
               "prepTime" : 5,
               "repetitionCount" : 18,
               "videoPath" : "one_leg_pushup_right.mp4",
               "workoutItemId" : 0,
               "workoutSessionId" : 0,
               "workoutTime" : 30
            }
         ],
         "workoutSessionId" : 0
      },
      {
         "finished" : false,
         "name" : "9. day",
         "orderNr" : 8,
         "trainingPlanId" : 5,
         "workoutItems" : [
            {
               "breakTime" : 30,
               "description" : "jumping_jack with count 15 stress 1.2",
               "elapsedTime" : 0,
               "finished" : false,
               "imagePath" : "jumping_jack.png",
               "isImagePathExternal" : false,
               "isTimeMode" : true,
               "isVideoPathExternal" : false,
               "name" : "jumping_jack",
               "orderNr" : -1,
               "prepTime" : 5,
               "repetitionCount" : 18,
               "videoPath" : "jumping_jack.mp4",
               "workoutItemId" : 0,
               "workoutSessionId" : 0,
               "workoutTime" : 30
            },
            {
               "breakTime" : 30,
               "description" : "one_leg_pushup_left with count 5 stress 1.2",
               "elapsedTime" : 0,
               "finished" : false,
               "imagePath" : "one_leg_pushup_left.png",
               "isImagePathExternal" : false,
               "isTimeMode" : false,
               "isVideoPathExternal" : false,
               "name" : "one_leg_pushup_left",
               "orderNr" : -1,
               "prepTime" : 5,
               "repetitionCount" : 6,
               "videoPath" : "one_leg_pushup_left.mp4",
               "workoutItemId" : 0,
               "workoutSessionId" : 0,
               "workoutTime" : 30
            },
            {
               "breakTime" : 30,
               "description" : "one_leg_pushup_right with count 2 stress 1.2",
               "elapsedTime" : 0,
               "finished" : false,
               "imagePath" : "one_leg_pushup_right.png",
               "isImagePathExternal" : false,
               "isTimeMode" : false,
               "isVideoPathExternal" : false,
               "name" : "one_leg_pushup_right",
               "orderNr" : -1,
               "prepTime" : 5,
               "repetitionCount" : 2,
               "videoPath" : "one_leg_pushup_right.mp4",
               "workoutItemId" : 0,
               "workoutSessionId" : 0,
               "workoutTime" : 30
            }
         ],
         "workoutSessionId" : 0
      },
      {
         "finished" : false,
         "name" : "10. day",
         "orderNr" : 9,
         "trainingPlanId" : 5,
         "workoutItems" : [
            {
               "breakTime" : 30,
               "description" : "jumping_jack with count 15 stress 1.2",
               "elapsedTime" : 0,
               "finished" : false,
               "imagePath" : "jumping_jack.png",
               "isImagePathExternal" : false,
               "isTimeMode" : true,
               "isVideoPathExternal" : false,
               "name" : "jumping_jack",
               "orderNr" : -1,
               "prepTime" : 5,
               "repetitionCount" : 18,
               "videoPath" : "jumping_jack.mp4",
               "workoutItemId" : 0,
               "workoutSessionId" : 0,
               "workoutTime" : 30
            },
            {
               "breakTime" : 30,
               "description" : "one_leg_pushup_left with count 10 stress 1.2",
               "elapsedTime" : 0,
               "finished" : false,
               "imagePath" : "one_leg_pushup_left.png",
               "isImagePathExternal" : false,
               "isTimeMode" : false,
               "isVideoPathExternal" : false,
               "name" : "one_leg_pushup_left",
               "orderNr" : -1,
               "prepTime" : 5,
               "repetitionCount" : 12,
               "videoPath" : "one_leg_pushup_left.mp4",
               "workoutItemId" : 0,
               "workoutSessionId" : 0,
               "workoutTime" : 30
            },
            {
               "breakTime" : 30,
               "description" : "one_leg_pushup_right with count 5 stress 1.2",
               "elapsedTime" : 0,
               "finished" : false,
               "imagePath" : "one_leg_pushup_right.png",
               "isImagePathExternal" : false,
               "isTimeMode" : true,
               "isVideoPathExternal" : false,
               "name" : "one_leg_pushup_right",
               "orderNr" : -1,
               "prepTime" : 5,
               "repetitionCount" : 6,
               "videoPath" : "one_leg_pushup_right.mp4",
               "workoutItemId" : 0,
               "workoutSessionId" : 0,
               "workoutTime" : 30
            }
         ],
         "workoutSessionId" : 0
      },
      {
         "finished" : false,
         "name" : "11. day",
         "orderNr" : 10,
         "trainingPlanId" : 5,
         "workoutItems" : [
            {
               "breakTime" : 30,
               "description" : "jumping_jack with count 18 stress 1.2",
               "elapsedTime" : 0,
               "finished" : false,
               "imagePath" : "jumping_jack.png",
               "isImagePathExternal" : false,
               "isTimeMode" : true,
               "isVideoPathExternal" : false,
               "name" : "jumping_jack",
               "orderNr" : -1,
               "prepTime" : 5,
               "repetitionCount" : 22,
               "videoPath" : "jumping_jack.mp4",
               "workoutItemId" : 0,
               "workoutSessionId" : 0,
               "workoutTime" : 30
            },
            {
               "breakTime" : 30,
               "description" : "one_leg_pushup_left with count 4 stress 1.2",
               "elapsedTime" : 0,
               "finished" : false,
               "imagePath" : "one_leg_pushup_left.png",
               "isImagePathExternal" : false,
               "isTimeMode" : false,
               "isVideoPathExternal" : false,
               "name" : "one_leg_pushup_left",
               "orderNr" : -1,
               "prepTime" : 5,
               "repetitionCount" : 5,
               "videoPath" : "one_leg_pushup_left.mp4",
               "workoutItemId" : 0,
               "workoutSessionId" : 0,
               "workoutTime" : 30
            },
            {
               "breakTime" : 30,
               "description" : "one_leg_pushup_right with count 10 stress 1.2",
               "elapsedTime" : 0,
               "finished" : false,
               "imagePath" : "one_leg_pushup_right.png",
               "isImagePathExternal" : false,
               "isTimeMode" : true,
               "isVideoPathExternal" : false,
               "name" : "one_leg_pushup_right",
               "orderNr" : -1,
               "prepTime" : 5,
               "repetitionCount" : 12,
               "videoPath" : "one_leg_pushup_right.mp4",
               "workoutItemId" : 0,
               "workoutSessionId" : 0,
               "workoutTime" : 30
            }
         ],
         "workoutSessionId" : 0
      },
      {
         "finished" : false,
         "name" : "12. day",
         "orderNr" : 11,
         "trainingPlanId" : 5,
         "workoutItems" : [
            {
               "breakTime" : 30,
               "description" : "jumping_jack with count 22 stress 1.2",
               "elapsedTime" : 0,
               "finished" : false,
               "imagePath" : "jumping_jack.png",
               "isImagePathExternal" : false,
               "isTimeMode" : true,
               "isVideoPathExternal" : false,
               "name" : "jumping_jack",
               "orderNr" : -1,
               "prepTime" : 5,
               "repetitionCount" : 26,
               "videoPath" : "jumping_jack.mp4",
               "workoutItemId" : 0,
               "workoutSessionId" : 0,
               "workoutTime" : 30
            },
            {
               "breakTime" : 30,
               "description" : "one_leg_pushup_left with count 10 stress 1.2",
               "elapsedTime" : 0,
               "finished" : false,
               "imagePath" : "one_leg_pushup_left.png",
               "isImagePathExternal" : false,
               "isTimeMode" : false,
               "isVideoPathExternal" : false,
               "name" : "one_leg_pushup_left",
               "orderNr" : -1,
               "prepTime" : 5,
               "repetitionCount" : 12,
               "videoPath" : "one_leg_pushup_left.mp4",
               "workoutItemId" : 0,
               "workoutSessionId" : 0,
               "workoutTime" : 30
            },
            {
               "breakTime" : 30,
               "description" : "one_leg_pushup_right with count 12 stress 1.2",
               "elapsedTime" : 0,
               "finished" : false,
               "imagePath" : "one_leg_pushup_right.png",
               "isImagePathExternal" : false,
               "isTimeMode" : false,
               "isVideoPathExternal" : false,
               "name" : "one_leg_pushup_right",
               "orderNr" : -1,
               "prepTime" : 5,
               "repetitionCount" : 14,
               "videoPath" : "one_leg_pushup_right.mp4",
               "workoutItemId" : 0,
               "workoutSessionId" : 0,
               "workoutTime" : 30
            }
         ],
         "workoutSessionId" : 0
      },
      {
         "finished" : false,
         "name" : "13. day",
         "orderNr" : 12,
         "trainingPlanId" : 5,
         "workoutItems" : [
            {
               "breakTime" : 30,
               "description" : "jumping_jack with count 25 stress 1.2",
               "elapsedTime" : 0,
               "finished" : false,
               "imagePath" : "jumping_jack.png",
               "isImagePathExternal" : false,
               "isTimeMode" : true,
               "isVideoPathExternal" : false,
               "name" : "jumping_jack",
               "orderNr" : -1,
               "prepTime" : 5,
               "repetitionCount" : 30,
               "videoPath" : "jumping_jack.mp4",
               "workoutItemId" : 0,
               "workoutSessionId" : 0,
               "workoutTime" : 30
            },
            {
               "breakTime" : 30,
               "description" : "one_leg_pushup_left with count 20 stress 1.2",
               "elapsedTime" : 0,
               "finished" : false,
               "imagePath" : "one_leg_pushup_left.png",
               "isImagePathExternal" : false,
               "isTimeMode" : true,
               "isVideoPathExternal" : false,
               "name" : "one_leg_pushup_left",
               "orderNr" : -1,
               "prepTime" : 5,
               "repetitionCount" : 24,
               "videoPath" : "one_leg_pushup_left.mp4",
               "workoutItemId" : 0,
               "workoutSessionId" : 0,
               "workoutTime" : 30
            },
            {
               "breakTime" : 30,
               "description" : "one_leg_pushup_right with count 20 stress 1.2",
               "elapsedTime" : 0,
               "finished" : false,
               "imagePath" : "one_leg_pushup_right.png",
               "isImagePathExternal" : false,
               "isTimeMode" : true,
               "isVideoPathExternal" : false,
               "name" : "one_leg_pushup_right",
               "orderNr" : -1,
               "prepTime" : 5,
               "repetitionCount" : 24,
               "videoPath" : "one_leg_pushup_right.mp4",
               "workoutItemId" : 0,
               "workoutSessionId" : 0,
               "workoutTime" : 30
            }
         ],
         "workoutSessionId" : 0
      },
      {
         "finished" : false,
         "name" : "14. day",
         "orderNr" : 13,
         "trainingPlanId" : 5,
         "workoutItems" : [
            {
               "breakTime" : 30,
               "description" : "high_knees with count 30 stress 1.2",
               "elapsedTime" : 0,
               "finished" : false,
               "imagePath" : "high_knees.png",
               "isImagePathExternal" : false,
               "isTimeMode" : true,
               "isVideoPathExternal" : false,
               "name" : "high_knees",
               "orderNr" : -1,
               "prepTime" : 5,
               "repetitionCount" : 36,
               "videoPath" : "high_knees.mp4",
               "workoutItemId" : 0,
               "workoutSessionId" : 0,
               "workoutTime" : 30
            },
            {
               "breakTime" : 30,
               "description" : "one_leg_pushup_left with count 15 stress 1.2",
               "elapsedTime" : 0,
               "finished" : false,
               "imagePath" : "one_leg_pushup_left.png",
               "isImagePathExternal" : false,
               "isTimeMode" : false,
               "isVideoPathExternal" : false,
               "name" : "one_leg_pushup_left",
               "orderNr" : -1,
               "prepTime" : 5,
               "repetitionCount" : 18,
               "videoPath" : "one_leg_pushup_left.mp4",
               "workoutItemId" : 0,
               "workoutSessionId" : 0,
               "workoutTime" : 30
            },
            {
               "breakTime" : 30,
               "description" : "one_leg_pushup_right with count 15 stress 1.2",
               "elapsedTime" : 0,
               "finished" : false,
               "imagePath" : "one_leg_pushup_right.png",
               "isImagePathExternal" : false,
               "isTimeMode" : false,
               "isVideoPathExternal" : false,
               "name" : "one_leg_pushup_right",
               "orderNr" : -1,
               "prepTime" : 5,
               "repetitionCount" : 18,
               "videoPath" : "one_leg_pushup_right.mp4",
               "workoutItemId" : 0,
               "workoutSessionId" : 0,
               "workoutTime" : 30
            }
         ],
         "workoutSessionId" : 0
      },
      {
         "finished" : false,
         "name" : "15. day",
         "orderNr" : 14,
         "trainingPlanId" : 5,
         "workoutItems" : [
            {
               "breakTime" : 30,
               "description" : "jumping_jack with count 30 stress 1.2",
               "elapsedTime" : 0,
               "finished" : false,
               "imagePath" : "jumping_jack.png",
               "isImagePathExternal" : false,
               "isTimeMode" : true,
               "isVideoPathExternal" : false,
               "name" : "jumping_jack",
               "orderNr" : -1,
               "prepTime" : 5,
               "repetitionCount" : 36,
               "videoPath" : "jumping_jack.mp4",
               "workoutItemId" : 0,
               "workoutSessionId" : 0,
               "workoutTime" : 30
            },
            {
               "breakTime" : 30,
               "description" : "one_leg_pushup_left with count 5 stress 1.2",
               "elapsedTime" : 0,
               "finished" : false,
               "imagePath" : "one_leg_pushup_left.png",
               "isImagePathExternal" : false,
               "isTimeMode" : false,
               "isVideoPathExternal" : false,
               "name" : "one_leg_pushup_left",
               "orderNr" : -1,
               "prepTime" : 5,
               "repetitionCount" : 6,
               "videoPath" : "one_leg_pushup_left.mp4",
               "workoutItemId" : 0,
               "workoutSessionId" : 0,
               "workoutTime" : 30
            },
            {
               "breakTime" : 30,
               "description" : "one_leg_pushup_right with count 20 stress 1.2",
               "elapsedTime" : 0,
               "finished" : false,
               "imagePath" : "one_leg_pushup_right.png",
               "isImagePathExternal" : false,
               "isTimeMode" : true,
               "isVideoPathExternal" : false,
               "name" : "one_leg_pushup_right",
               "orderNr" : -1,
               "prepTime" : 5,
               "repetitionCount" : 24,
               "videoPath" : "one_leg_pushup_right.mp4",
               "workoutItemId" : 0,
               "workoutSessionId" : 0,
               "workoutTime" : 30
            }
         ],
         "workoutSessionId" : 0
      },
      {
         "finished" : false,
         "name" : "16. day",
         "orderNr" : 15,
         "trainingPlanId" : 5,
         "workoutItems" : [
            {
               "breakTime" : 30,
               "description" : "jumping_jack with count 35 stress 1.4",
               "elapsedTime" : 0,
               "finished" : false,
               "imagePath" : "jumping_jack.png",
               "isImagePathExternal" : false,
               "isTimeMode" : true,
               "isVideoPathExternal" : false,
               "name" : "jumping_jack",
               "orderNr" : -1,
               "prepTime" : 5,
               "repetitionCount" : 49,
               "videoPath" : "jumping_jack.mp4",
               "workoutItemId" : 0,
               "workoutSessionId" : 0,
               "workoutTime" : 30
            },
            {
               "breakTime" : 30,
               "description" : "one_leg_pushup_left with count 16 stress 1.4",
               "elapsedTime" : 0,
               "finished" : false,
               "imagePath" : "one_leg_pushup_left.png",
               "isImagePathExternal" : false,
               "isTimeMode" : false,
               "isVideoPathExternal" : false,
               "name" : "one_leg_pushup_left",
               "orderNr" : -1,
               "prepTime" : 5,
               "repetitionCount" : 22,
               "videoPath" : "one_leg_pushup_left.mp4",
               "workoutItemId" : 0,
               "workoutSessionId" : 0,
               "workoutTime" : 30
            },
            {
               "breakTime" : 30,
               "description" : "one_leg_pushup_right with count 15 stress 1.4",
               "elapsedTime" : 0,
               "finished" : false,
               "imagePath" : "one_leg_pushup_right.png",
               "isImagePathExternal" : false,
               "isTimeMode" : true,
               "isVideoPathExternal" : false,
               "name" : "one_leg_pushup_right",
               "orderNr" : -1,
               "prepTime" : 5,
               "repetitionCount" : 21,
               "videoPath" : "one_leg_pushup_right.mp4",
               "workoutItemId" : 0,
               "workoutSessionId" : 0,
               "workoutTime" : 30
            }
         ],
         "workoutSessionId" : 0
      },
      {
         "finished" : false,
         "name" : "17. day",
         "orderNr" : 16,
         "trainingPlanId" : 5,
         "workoutItems" : [
            {
               "breakTime" : 30,
               "description" : "jumping_jack with count 15 stress 1.4",
               "elapsedTime" : 0,
               "finished" : false,
               "imagePath" : "jumping_jack.png",
               "isImagePathExternal" : false,
               "isTimeMode" : true,
               "isVideoPathExternal" : false,
               "name" : "jumping_jack",
               "orderNr" : -1,
               "prepTime" : 5,
               "repetitionCount" : 21,
               "videoPath" : "jumping_jack.mp4",
               "workoutItemId" : 0,
               "workoutSessionId" : 0,
               "workoutTime" : 30
            },
            {
               "breakTime" : 30,
               "description" : "one_leg_pushup_left with count 5 stress 1.4",
               "elapsedTime" : 0,
               "finished" : false,
               "imagePath" : "one_leg_pushup_left.png",
               "isImagePathExternal" : false,
               "isTimeMode" : false,
               "isVideoPathExternal" : false,
               "name" : "one_leg_pushup_left",
               "orderNr" : -1,
               "prepTime" : 5,
               "repetitionCount" : 7,
               "videoPath" : "one_leg_pushup_left.mp4",
               "workoutItemId" : 0,
               "workoutSessionId" : 0,
               "workoutTime" : 30
            },
            {
               "breakTime" : 30,
               "description" : "one_leg_pushup_right with count 2 stress 1.4",
               "elapsedTime" : 0,
               "finished" : false,
               "imagePath" : "one_leg_pushup_right.png",
               "isImagePathExternal" : false,
               "isTimeMode" : false,
               "isVideoPathExternal" : false,
               "name" : "one_leg_pushup_right",
               "orderNr" : -1,
               "prepTime" : 5,
               "repetitionCount" : 3,
               "videoPath" : "one_leg_pushup_right.mp4",
               "workoutItemId" : 0,
               "workoutSessionId" : 0,
               "workoutTime" : 30
            }
         ],
         "workoutSessionId" : 0
      },
      {
         "finished" : false,
         "name" : "18. day",
         "orderNr" : 17,
         "trainingPlanId" : 5,
         "workoutItems" : [
            {
               "breakTime" : 30,
               "description" : "jumping_jack with count 15 stress 1.4",
               "elapsedTime" : 0,
               "finished" : false,
               "imagePath" : "jumping_jack.png",
               "isImagePathExternal" : false,
               "isTimeMode" : true,
               "isVideoPathExternal" : false,
               "name" : "jumping_jack",
               "orderNr" : -1,
               "prepTime" : 5,
               "repetitionCount" : 21,
               "videoPath" : "jumping_jack.mp4",
               "workoutItemId" : 0,
               "workoutSessionId" : 0,
               "workoutTime" : 30
            },
            {
               "breakTime" : 30,
               "description" : "one_leg_pushup_left with count 10 stress 1.4",
               "elapsedTime" : 0,
               "finished" : false,
               "imagePath" : "one_leg_pushup_left.png",
               "isImagePathExternal" : false,
               "isTimeMode" : false,
               "isVideoPathExternal" : false,
               "name" : "one_leg_pushup_left",
               "orderNr" : -1,
               "prepTime" : 5,
               "repetitionCount" : 14,
               "videoPath" : "one_leg_pushup_left.mp4",
               "workoutItemId" : 0,
               "workoutSessionId" : 0,
               "workoutTime" : 30
            },
            {
               "breakTime" : 30,
               "description" : "one_leg_pushup_right with count 5 stress 1.4",
               "elapsedTime" : 0,
               "finished" : false,
               "imagePath" : "one_leg_pushup_right.png",
               "isImagePathExternal" : false,
               "isTimeMode" : true,
               "isVideoPathExternal" : false,
               "name" : "one_leg_pushup_right",
               "orderNr" : -1,
               "prepTime" : 5,
               "repetitionCount" : 7,
               "videoPath" : "one_leg_pushup_right.mp4",
               "workoutItemId" : 0,
               "workoutSessionId" : 0,
               "workoutTime" : 30
            }
         ],
         "workoutSessionId" : 0
      },
      {
         "finished" : false,
         "name" : "19. day",
         "orderNr" : 18,
         "trainingPlanId" : 5,
         "workoutItems" : [
            {
               "breakTime" : 30,
               "description" : "jumping_jack with count 18 stress 1.4",
               "elapsedTime" : 0,
               "finished" : false,
               "imagePath" : "jumping_jack.png",
               "isImagePathExternal" : false,
               "isTimeMode" : true,
               "isVideoPathExternal" : false,
               "name" : "jumping_jack",
               "orderNr" : -1,
               "prepTime" : 5,
               "repetitionCount" : 25,
               "videoPath" : "jumping_jack.mp4",
               "workoutItemId" : 0,
               "workoutSessionId" : 0,
               "workoutTime" : 30
            },
            {
               "breakTime" : 30,
               "description" : "one_leg_pushup_left with count 4 stress 1.4",
               "elapsedTime" : 0,
               "finished" : false,
               "imagePath" : "one_leg_pushup_left.png",
               "isImagePathExternal" : false,
               "isTimeMode" : false,
               "isVideoPathExternal" : false,
               "name" : "one_leg_pushup_left",
               "orderNr" : -1,
               "prepTime" : 5,
               "repetitionCount" : 6,
               "videoPath" : "one_leg_pushup_left.mp4",
               "workoutItemId" : 0,
               "workoutSessionId" : 0,
               "workoutTime" : 30
            },
            {
               "breakTime" : 30,
               "description" : "one_leg_pushup_right with count 10 stress 1.4",
               "elapsedTime" : 0,
               "finished" : false,
               "imagePath" : "one_leg_pushup_right.png",
               "isImagePathExternal" : false,
               "isTimeMode" : true,
               "isVideoPathExternal" : false,
               "name" : "one_leg_pushup_right",
               "orderNr" : -1,
               "prepTime" : 5,
               "repetitionCount" : 14,
               "videoPath" : "one_leg_pushup_right.mp4",
               "workoutItemId" : 0,
               "workoutSessionId" : 0,
               "workoutTime" : 30
            }
         ],
         "workoutSessionId" : 0
      },
      {
         "finished" : false,
         "name" : "20. day",
         "orderNr" : 19,
         "trainingPlanId" : 5,
         "workoutItems" : [
            {
               "breakTime" : 30,
               "description" : "jumping_jack with count 22 stress 1.4",
               "elapsedTime" : 0,
               "finished" : false,
               "imagePath" : "jumping_jack.png",
               "isImagePathExternal" : false,
               "isTimeMode" : true,
               "isVideoPathExternal" : false,
               "name" : "jumping_jack",
               "orderNr" : -1,
               "prepTime" : 5,
               "repetitionCount" : 31,
               "videoPath" : "jumping_jack.mp4",
               "workoutItemId" : 0,
               "workoutSessionId" : 0,
               "workoutTime" : 30
            },
            {
               "breakTime" : 30,
               "description" : "one_leg_pushup_left with count 10 stress 1.4",
               "elapsedTime" : 0,
               "finished" : false,
               "imagePath" : "one_leg_pushup_left.png",
               "isImagePathExternal" : false,
               "isTimeMode" : false,
               "isVideoPathExternal" : false,
               "name" : "one_leg_pushup_left",
               "orderNr" : -1,
               "prepTime" : 5,
               "repetitionCount" : 14,
               "videoPath" : "one_leg_pushup_left.mp4",
               "workoutItemId" : 0,
               "workoutSessionId" : 0,
               "workoutTime" : 30
            },
            {
               "breakTime" : 30,
               "description" : "one_leg_pushup_right with count 12 stress 1.4",
               "elapsedTime" : 0,
               "finished" : false,
               "imagePath" : "one_leg_pushup_right.png",
               "isImagePathExternal" : false,
               "isTimeMode" : false,
               "isVideoPathExternal" : false,
               "name" : "one_leg_pushup_right",
               "orderNr" : -1,
               "prepTime" : 5,
               "repetitionCount" : 17,
               "videoPath" : "one_leg_pushup_right.mp4",
               "workoutItemId" : 0,
               "workoutSessionId" : 0,
               "workoutTime" : 30
            }
         ],
         "workoutSessionId" : 0
      },
      {
         "finished" : false,
         "name" : "21. day",
         "orderNr" : 20,
         "trainingPlanId" : 5,
         "workoutItems" : [
            {
               "breakTime" : 30,
               "description" : "jumping_jack with count 25 stress 1.4",
               "elapsedTime" : 0,
               "finished" : false,
               "imagePath" : "jumping_jack.png",
               "isImagePathExternal" : false,
               "isTimeMode" : true,
               "isVideoPathExternal" : false,
               "name" : "jumping_jack",
               "orderNr" : -1,
               "prepTime" : 5,
               "repetitionCount" : 35,
               "videoPath" : "jumping_jack.mp4",
               "workoutItemId" : 0,
               "workoutSessionId" : 0,
               "workoutTime" : 30
            },
            {
               "breakTime" : 30,
               "description" : "one_leg_pushup_left with count 20 stress 1.4",
               "elapsedTime" : 0,
               "finished" : false,
               "imagePath" : "one_leg_pushup_left.png",
               "isImagePathExternal" : false,
               "isTimeMode" : true,
               "isVideoPathExternal" : false,
               "name" : "one_leg_pushup_left",
               "orderNr" : -1,
               "prepTime" : 5,
               "repetitionCount" : 28,
               "videoPath" : "one_leg_pushup_left.mp4",
               "workoutItemId" : 0,
               "workoutSessionId" : 0,
               "workoutTime" : 30
            },
            {
               "breakTime" : 30,
               "description" : "one_leg_pushup_right with count 20 stress 1.4",
               "elapsedTime" : 0,
               "finished" : false,
               "imagePath" : "one_leg_pushup_right.png",
               "isImagePathExternal" : false,
               "isTimeMode" : true,
               "isVideoPathExternal" : false,
               "name" : "one_leg_pushup_right",
               "orderNr" : -1,
               "prepTime" : 5,
               "repetitionCount" : 28,
               "videoPath" : "one_leg_pushup_right.mp4",
               "workoutItemId" : 0,
               "workoutSessionId" : 0,
               "workoutTime" : 30
            }
         ],
         "workoutSessionId" : 0
      },
      {
         "finished" : false,
         "name" : "22. day",
         "orderNr" : 21,
         "trainingPlanId" : 5,
         "workoutItems" : [
            {
               "breakTime" : 30,
               "description" : "high_knees with count 30 stress 1.4",
               "elapsedTime" : 0,
               "finished" : false,
               "imagePath" : "high_knees.png",
               "isImagePathExternal" : false,
               "isTimeMode" : true,
               "isVideoPathExternal" : false,
               "name" : "high_knees",
               "orderNr" : -1,
               "prepTime" : 5,
               "repetitionCount" : 42,
               "videoPath" : "high_knees.mp4",
               "workoutItemId" : 0,
               "workoutSessionId" : 0,
               "workoutTime" : 30
            },
            {
               "breakTime" : 30,
               "description" : "one_leg_pushup_left with count 15 stress 1.4",
               "elapsedTime" : 0,
               "finished" : false,
               "imagePath" : "one_leg_pushup_left.png",
               "isImagePathExternal" : false,
               "isTimeMode" : false,
               "isVideoPathExternal" : false,
               "name" : "one_leg_pushup_left",
               "orderNr" : -1,
               "prepTime" : 5,
               "repetitionCount" : 21,
               "videoPath" : "one_leg_pushup_left.mp4",
               "workoutItemId" : 0,
               "workoutSessionId" : 0,
               "workoutTime" : 30
            },
            {
               "breakTime" : 30,
               "description" : "one_leg_pushup_right with count 15 stress 1.4",
               "elapsedTime" : 0,
               "finished" : false,
               "imagePath" : "one_leg_pushup_right.png",
               "isImagePathExternal" : false,
               "isTimeMode" : false,
               "isVideoPathExternal" : false,
               "name" : "one_leg_pushup_right",
               "orderNr" : -1,
               "prepTime" : 5,
               "repetitionCount" : 21,
               "videoPath" : "one_leg_pushup_right.mp4",
               "workoutItemId" : 0,
               "workoutSessionId" : 0,
               "workoutTime" : 30
            }
         ],
         "workoutSessionId" : 0
      }
   ]
}
