{
   "countFinishedTraining" : 0,
   "imagePath" : "file:///data/user/0/com.health.openworkout/files/My%20custom%20belly%20training/image/logo.png",
   "isImagePathExternal" : true,
   "name" : "My custom belly training",
   "orderNr" : 0,
   "trainingPlanId" : 0,
   "workoutSessions" : [
      {
         "finished" : false,
         "name" : "1. day",
         "orderNr" : 0,
         "trainingPlanId" : 5,
         "workoutItems" : [
		    {
		       "breakTime" : 30,
		       "description" : "high_knees with count 16 stress 1.0",
		       "elapsedTime" : 0,
		       "finished" : false,
		       "imagePath" : "high_knees.png",
		       "isImagePathExternal" : false,
		       "isTimeMode" : false,
		       "isVideoPathExternal" : false,
		       "name" : "high_knees",
		       "orderNr" : -1,
		       "prepTime" : 5,
		       "repetitionCount" : 16,
		       "videoPath" : "high_knees.mp4",
		       "workoutItemId" : 0,
		       "workoutSessionId" : 0,
		       "workoutTime" : 30
		    },
		    {
		       "breakTime" : 30,
		       "description" : "vertical_leg_lift_bend_knees with count 24 stress 1.0",
		       "elapsedTime" : 0,
		       "finished" : false,
		       "imagePath" : "file:///data/user/0/com.health.openworkout/files/My%20custom%20belly%20training/image/vertical_leg_lift_bend_knees.png",
		       "isImagePathExternal" : true,
		       "isTimeMode" : false,
		       "isVideoPathExternal" : true,
		       "name" : "vertical_leg_lift_bend_knees",
		       "orderNr" : -1,
		       "prepTime" : 5,
		       "repetitionCount" : 24,
		       "videoPath" : "file:///data/user/0/com.health.openworkout/files/My%20custom%20belly%20training/video/vertical_leg_lift_bend_knees.mp4",
		       "workoutItemId" : 0,
		       "workoutSessionId" : 0,
		       "workoutTime" : 30
		    },
		    {
		       "breakTime" : 30,
		       "description" : "plank with count 24 stress 1.0",
		       "elapsedTime" : 0,
		       "finished" : false,
		       "imagePath" : "plank.png",
		       "isImagePathExternal" : false,
		       "isTimeMode" : true,
		       "isVideoPathExternal" : false,
		       "name" : "plank",
		       "orderNr" : -1,
		       "prepTime" : 5,
		       "repetitionCount" : 24,
		       "videoPath" : "plank.mp4",
		       "workoutItemId" : 0,
		       "workoutSessionId" : 0,
		       "workoutTime" : 30
		    },
		    {
		       "breakTime" : 30,
		       "description" : "bicycle_crunch with count 30 stress 1.0",
		       "elapsedTime" : 0,
		       "finished" : false,
		       "imagePath" : "bicycle_crunch.png",
		       "isImagePathExternal" : false,
		       "isTimeMode" : false,
		       "isVideoPathExternal" : false,
		       "name" : "bicycle_crunch",
		       "orderNr" : -1,
		       "prepTime" : 5,
		       "repetitionCount" : 30,
		       "videoPath" : "bicycle_crunch.mp4",
		       "workoutItemId" : 0,
		       "workoutSessionId" : 0,
		       "workoutTime" : 30
		    }
         ],
         "workoutSessionId" : 0
      },
      {
         "finished" : false,
         "name" : "2. day",
         "orderNr" : 1,
         "trainingPlanId" : 5,
         "workoutItems" : [
		    {
		       "breakTime" : 30,
		       "description" : "abdonminal_crunch with count 30 stress 1.0",
		       "elapsedTime" : 0,
		       "finished" : false,
		       "imagePath" : "abdonminal_crunch.png",
		       "isImagePathExternal" : false,
		       "isTimeMode" : false,
		       "isVideoPathExternal" : false,
		       "name" : "abdonminal_crunch",
		       "orderNr" : -1,
		       "prepTime" : 5,
		       "repetitionCount" : 30,
		       "videoPath" : "abdonminal_crunch.mp4",
		       "workoutItemId" : 0,
		       "workoutSessionId" : 0,
		       "workoutTime" : 30
		    },
		    {
		       "breakTime" : 30,
		       "description" : "vertical_leg_lift_straight_legs with count 24 stress 1.0",
		       "elapsedTime" : 0,
		       "finished" : false,
		       "imagePath" : "file:///data/user/0/com.health.openworkout/files/My%20custom%20belly%20training/image/vertical_leg_lift_straight_legs.png",
		       "isImagePathExternal" : true,
		       "isTimeMode" : false,
		       "isVideoPathExternal" : true,
		       "name" : "vertical_leg_lift_straight_legs",
		       "orderNr" : -1,
		       "prepTime" : 5,
		       "repetitionCount" : 24,
		       "videoPath" : "file:///data/user/0/com.health.openworkout/files/My%20custom%20belly%20training/video/vertical_leg_lift_straight_legs.mp4",
		       "workoutItemId" : 0,
		       "workoutSessionId" : 0,
		       "workoutTime" : 30
		    },
		    {
		       "breakTime" : 30,
		       "description" : "chaturanga_dandasana with count 30 stress 1.0",
		       "elapsedTime" : 0,
		       "finished" : false,
		       "imagePath" : "file:///data/user/0/com.health.openworkout/files/My%20custom%20belly%20training/image/chaturanga_dandasana.png",
		       "isImagePathExternal" : true,
		       "isTimeMode" : true,
		       "isVideoPathExternal" : true,
		       "name" : "chaturanga_dandasana",
		       "orderNr" : -1,
		       "prepTime" : 5,
		       "repetitionCount" : 30,
		       "videoPath" : "file:///data/user/0/com.health.openworkout/files/My%20custom%20belly%20training/video/chaturanga_dandasana.mp4",
		       "workoutItemId" : 0,
		       "workoutSessionId" : 0,
		       "workoutTime" : 30
		    },
		    {
		       "breakTime" : 30,
		       "description" : "lunge_l with count 16 stress 1.0",
		       "elapsedTime" : 0,
		       "finished" : false,
		       "imagePath" : "file:///data/user/0/com.health.openworkout/files/My%20custom%20belly%20training/image/lunge_l.png",
		       "isImagePathExternal" : true,
		       "isTimeMode" : false,
		       "isVideoPathExternal" : true,
		       "name" : "lunge_l",
		       "orderNr" : -1,
		       "prepTime" : 5,
		       "repetitionCount" : 16,
		       "videoPath" : "file:///data/user/0/com.health.openworkout/files/My%20custom%20belly%20training/video/lunge_l.mp4",
		       "workoutItemId" : 0,
		       "workoutSessionId" : 0,
		       "workoutTime" : 30
		    },
		    {
		       "breakTime" : 30,
		       "description" : "lunge_r with count 16 stress 1.0",
		       "elapsedTime" : 0,
		       "finished" : false,
		       "imagePath" : "file:///data/user/0/com.health.openworkout/files/My%20custom%20belly%20training/image/lunge_r.png",
		       "isImagePathExternal" : true,
		       "isTimeMode" : false,
		       "isVideoPathExternal" : true,
		       "name" : "lunge_r",
		       "orderNr" : -1,
		       "prepTime" : 5,
		       "repetitionCount" : 16,
		       "videoPath" : "file:///data/user/0/com.health.openworkout/files/My%20custom%20belly%20training/video/lunge_r.mp4",
		       "workoutItemId" : 0,
		       "workoutSessionId" : 0,
		       "workoutTime" : 30
		    }
         ],
         "workoutSessionId" : 0
      },
      {
         "finished" : false,
         "name" : "3. day",
         "orderNr" : 2,
         "trainingPlanId" : 5,
         "workoutItems" : [
		    {
		       "breakTime" : 30,
		       "description" : "vertical_leg_lift_slowly_lower with count 16 stress 1.0",
		       "elapsedTime" : 0,
		       "finished" : false,
		       "imagePath" : "file:///data/user/0/com.health.openworkout/files/My%20custom%20belly%20training/image/vertical_leg_lift_slowly_lower.png",
		       "isImagePathExternal" : true,
		       "isTimeMode" : false,
		       "isVideoPathExternal" : true,
		       "name" : "vertical_leg_lift_slowly_lower",
		       "orderNr" : -1,
		       "prepTime" : 5,
		       "repetitionCount" : 16,
		       "videoPath" : "file:///data/user/0/com.health.openworkout/files/My%20custom%20belly%20training/video/vertical_leg_lift_slowly_lower.mp4",
		       "workoutItemId" : 0,
		       "workoutSessionId" : 0,
		       "workoutTime" : 30
		    },
		    {
		       "breakTime" : 30,
		       "description" : "squat_to_stand with count 24 stress 1.0",
		       "elapsedTime" : 0,
		       "finished" : false,
		       "imagePath" : "file:///data/user/0/com.health.openworkout/files/My%20custom%20belly%20training/image/squat_to_stand.png",
		       "isImagePathExternal" : true,
		       "isTimeMode" : false,
		       "isVideoPathExternal" : true,
		       "name" : "squat_to_stand",
		       "orderNr" : -1,
		       "prepTime" : 5,
		       "repetitionCount" : 24,
		       "videoPath" : "file:///data/user/0/com.health.openworkout/files/My%20custom%20belly%20training/video/squat_to_stand.mp4",
		       "workoutItemId" : 0,
		       "workoutSessionId" : 0,
		       "workoutTime" : 30
		    },
		    {
		       "breakTime" : 30,
		       "description" : "chair with count 30 stress 1.0",
		       "elapsedTime" : 0,
		       "finished" : false,
		       "imagePath" : "file:///data/user/0/com.health.openworkout/files/My%20custom%20belly%20training/image/chair.png",
		       "isImagePathExternal" : true,
		       "isTimeMode" : true,
		       "isVideoPathExternal" : true,
		       "name" : "chair",
		       "orderNr" : -1,
		       "prepTime" : 5,
		       "repetitionCount" : 30,
		       "videoPath" : "file:///data/user/0/com.health.openworkout/files/My%20custom%20belly%20training/video/chair.mp4",
		       "workoutItemId" : 0,
		       "workoutSessionId" : 0,
		       "workoutTime" : 30
		    },
		    {
		       "breakTime" : 30,
		       "description" : "mountain_climbers with count 16 stress 1.0",
		       "elapsedTime" : 0,
		       "finished" : false,
		       "imagePath" : "mountain_climbers.png",
		       "isImagePathExternal" : false,
		       "isTimeMode" : false,
		       "isVideoPathExternal" : false,
		       "name" : "mountain_climbers",
		       "orderNr" : -1,
		       "prepTime" : 5,
		       "repetitionCount" : 16,
		       "videoPath" : "mountain_climbers.mp4",
		       "workoutItemId" : 0,
		       "workoutSessionId" : 0,
		       "workoutTime" : 30
		    }
         ],
         "workoutSessionId" : 0
      },
      {
         "finished" : false,
         "name" : "4. day",
         "orderNr" : 3,
         "trainingPlanId" : 5,
         "workoutItems" : [
		    {
		       "breakTime" : 30,
		       "description" : "vertical_leg_lift_slow with count 16 stress 1.0",
		       "elapsedTime" : 0,
		       "finished" : false,
		       "imagePath" : "file:///data/user/0/com.health.openworkout/files/My%20custom%20belly%20training/image/vertical_leg_lift_slow.png",
		       "isImagePathExternal" : true,
		       "isTimeMode" : false,
		       "isVideoPathExternal" : true,
		       "name" : "vertical_leg_lift_slow",
		       "orderNr" : -1,
		       "prepTime" : 5,
		       "repetitionCount" : 16,
		       "videoPath" : "file:///data/user/0/com.health.openworkout/files/My%20custom%20belly%20training/video/vertical_leg_lift_slow.mp4",
		       "workoutItemId" : 0,
		       "workoutSessionId" : 0,
		       "workoutTime" : 30
		    },
		    {
		       "breakTime" : 30,
		       "description" : "lunge_kick_l with count 10 stress 1.0",
		       "elapsedTime" : 0,
		       "finished" : false,
		       "imagePath" : "file:///data/user/0/com.health.openworkout/files/My%20custom%20belly%20training/image/lunge_kick_l.png",
		       "isImagePathExternal" : true,
		       "isTimeMode" : false,
		       "isVideoPathExternal" : true,
		       "name" : "lunge_kick_l",
		       "orderNr" : -1,
		       "prepTime" : 5,
		       "repetitionCount" : 10,
		       "videoPath" : "file:///data/user/0/com.health.openworkout/files/My%20custom%20belly%20training/video/lunge_kick_l.mp4",
		       "workoutItemId" : 0,
		       "workoutSessionId" : 0,
		       "workoutTime" : 30
		    },
		    {
		       "breakTime" : 30,
		       "description" : "lunge_kick_r with count 10 stress 1.0",
		       "elapsedTime" : 0,
		       "finished" : false,
		       "imagePath" : "file:///data/user/0/com.health.openworkout/files/My%20custom%20belly%20training/image/lunge_kick_r.png",
		       "isImagePathExternal" : true,
		       "isTimeMode" : false,
		       "isVideoPathExternal" : true,
		       "name" : "lunge_kick_r",
		       "orderNr" : -1,
		       "prepTime" : 5,
		       "repetitionCount" : 10,
		       "videoPath" : "file:///data/user/0/com.health.openworkout/files/My%20custom%20belly%20training/video/lunge_kick_r.mp4",
		       "workoutItemId" : 0,
		       "workoutSessionId" : 0,
		       "workoutTime" : 30
		    },
		    {
		       "breakTime" : 30,
		       "description" : "elbow_plank with count 30 stress 1.0",
		       "elapsedTime" : 0,
		       "finished" : false,
		       "imagePath" : "file:///data/user/0/com.health.openworkout/files/My%20custom%20belly%20training/image/elbow_plank.png",
		       "isImagePathExternal" : true,
		       "isTimeMode" : true,
		       "isVideoPathExternal" : true,
		       "name" : "elbow_plank",
		       "orderNr" : -1,
		       "prepTime" : 5,
		       "repetitionCount" : 30,
		       "videoPath" : "file:///data/user/0/com.health.openworkout/files/My%20custom%20belly%20training/video/elbow_plank.mp4",
		       "workoutItemId" : 0,
		       "workoutSessionId" : 0,
		       "workoutTime" : 30
		    },
		    {
		       "breakTime" : 30,
		       "description" : "bird_dog with count 24 stress 1.0",
		       "elapsedTime" : 0,
		       "finished" : false,
		       "imagePath" : "file:///data/user/0/com.health.openworkout/files/My%20custom%20belly%20training/image/bird_dog.png",
		       "isImagePathExternal" : true,
		       "isTimeMode" : false,
		       "isVideoPathExternal" : true,
		       "name" : "bird_dog",
		       "orderNr" : -1,
		       "prepTime" : 5,
		       "repetitionCount" : 24,
		       "videoPath" : "file:///data/user/0/com.health.openworkout/files/My%20custom%20belly%20training/video/bird_dog.mp4",
		       "workoutItemId" : 0,
		       "workoutSessionId" : 0,
		       "workoutTime" : 30
		    }
         ],
         "workoutSessionId" : 0
      },
      {
         "finished" : false,
         "name" : "5. day",
         "orderNr" : 4,
         "trainingPlanId" : 5,
         "workoutItems" : [
		    {
		       "breakTime" : 30,
		       "description" : "reverse_crunch with count 24 stress 1.0",
		       "elapsedTime" : 0,
		       "finished" : false,
		       "imagePath" : "file:///data/user/0/com.health.openworkout/files/My%20custom%20belly%20training/image/reverse_crunch.png",
		       "isImagePathExternal" : true,
		       "isTimeMode" : false,
		       "isVideoPathExternal" : true,
		       "name" : "reverse_crunch",
		       "orderNr" : -1,
		       "prepTime" : 5,
		       "repetitionCount" : 24,
		       "videoPath" : "file:///data/user/0/com.health.openworkout/files/My%20custom%20belly%20training/video/reverse_crunch.mp4",
		       "workoutItemId" : 0,
		       "workoutSessionId" : 0,
		       "workoutTime" : 30
		    },
		    {
		       "breakTime" : 30,
		       "description" : "dolphin with count 30 stress 1.0",
		       "elapsedTime" : 0,
		       "finished" : false,
		       "imagePath" : "file:///data/user/0/com.health.openworkout/files/My%20custom%20belly%20training/image/dolphin.png",
		       "isImagePathExternal" : true,
		       "isTimeMode" : true,
		       "isVideoPathExternal" : true,
		       "name" : "dolphin",
		       "orderNr" : -1,
		       "prepTime" : 5,
		       "repetitionCount" : 30,
		       "videoPath" : "file:///data/user/0/com.health.openworkout/files/My%20custom%20belly%20training/video/dolphin.mp4",
		       "workoutItemId" : 0,
		       "workoutSessionId" : 0,
		       "workoutTime" : 30
		    }
         ],
         "workoutSessionId" : 0
      },
      {
         "finished" : false,
         "name" : "6. day",
         "orderNr" : 5,
         "trainingPlanId" : 5,
         "workoutItems" : [
         ],
         "workoutSessionId" : 0
      },
      {
         "finished" : false,
         "name" : "7. day",
         "orderNr" : 6,
         "trainingPlanId" : 5,
         "workoutItems" : [
         ],
         "workoutSessionId" : 0
      },
      {
         "finished" : false,
         "name" : "8. day",
         "orderNr" : 7,
         "trainingPlanId" : 5,
         "workoutItems" : [
         ],
         "workoutSessionId" : 0
      },
      {
         "finished" : false,
         "name" : "9. day",
         "orderNr" : 8,
         "trainingPlanId" : 5,
         "workoutItems" : [
		    {
		       "breakTime" : 30,
		       "description" : "high_knees with count 16 stress 1.2",
		       "elapsedTime" : 0,
		       "finished" : false,
		       "imagePath" : "high_knees.png",
		       "isImagePathExternal" : false,
		       "isTimeMode" : false,
		       "isVideoPathExternal" : false,
		       "name" : "high_knees",
		       "orderNr" : -1,
		       "prepTime" : 5,
		       "repetitionCount" : 19,
		       "videoPath" : "high_knees.mp4",
		       "workoutItemId" : 0,
		       "workoutSessionId" : 0,
		       "workoutTime" : 30
		    },
		    {
		       "breakTime" : 30,
		       "description" : "vertical_leg_lift_bend_knees with count 24 stress 1.2",
		       "elapsedTime" : 0,
		       "finished" : false,
		       "imagePath" : "file:///data/user/0/com.health.openworkout/files/My%20custom%20belly%20training/image/vertical_leg_lift_bend_knees.png",
		       "isImagePathExternal" : true,
		       "isTimeMode" : false,
		       "isVideoPathExternal" : true,
		       "name" : "vertical_leg_lift_bend_knees",
		       "orderNr" : -1,
		       "prepTime" : 5,
		       "repetitionCount" : 29,
		       "videoPath" : "file:///data/user/0/com.health.openworkout/files/My%20custom%20belly%20training/video/vertical_leg_lift_bend_knees.mp4",
		       "workoutItemId" : 0,
		       "workoutSessionId" : 0,
		       "workoutTime" : 30
		    },
		    {
		       "breakTime" : 30,
		       "description" : "plank with count 24 stress 1.2",
		       "elapsedTime" : 0,
		       "finished" : false,
		       "imagePath" : "plank.png",
		       "isImagePathExternal" : false,
		       "isTimeMode" : true,
		       "isVideoPathExternal" : false,
		       "name" : "plank",
		       "orderNr" : -1,
		       "prepTime" : 5,
		       "repetitionCount" : 29,
		       "videoPath" : "plank.mp4",
		       "workoutItemId" : 0,
		       "workoutSessionId" : 0,
		       "workoutTime" : 30
		    },
		    {
		       "breakTime" : 30,
		       "description" : "bicycle_crunch with count 30 stress 1.2",
		       "elapsedTime" : 0,
		       "finished" : false,
		       "imagePath" : "bicycle_crunch.png",
		       "isImagePathExternal" : false,
		       "isTimeMode" : false,
		       "isVideoPathExternal" : false,
		       "name" : "bicycle_crunch",
		       "orderNr" : -1,
		       "prepTime" : 5,
		       "repetitionCount" : 36,
		       "videoPath" : "bicycle_crunch.mp4",
		       "workoutItemId" : 0,
		       "workoutSessionId" : 0,
		       "workoutTime" : 30
		    }
         ],
         "workoutSessionId" : 0
      },
      {
         "finished" : false,
         "name" : "10. day",
         "orderNr" : 9,
         "trainingPlanId" : 5,
         "workoutItems" : [
		    {
		       "breakTime" : 30,
		       "description" : "abdonminal_crunch with count 30 stress 1.2",
		       "elapsedTime" : 0,
		       "finished" : false,
		       "imagePath" : "abdonminal_crunch.png",
		       "isImagePathExternal" : false,
		       "isTimeMode" : false,
		       "isVideoPathExternal" : false,
		       "name" : "abdonminal_crunch",
		       "orderNr" : -1,
		       "prepTime" : 5,
		       "repetitionCount" : 36,
		       "videoPath" : "abdonminal_crunch.mp4",
		       "workoutItemId" : 0,
		       "workoutSessionId" : 0,
		       "workoutTime" : 30
		    },
		    {
		       "breakTime" : 30,
		       "description" : "vertical_leg_lift_straight_legs with count 24 stress 1.2",
		       "elapsedTime" : 0,
		       "finished" : false,
		       "imagePath" : "file:///data/user/0/com.health.openworkout/files/My%20custom%20belly%20training/image/vertical_leg_lift_straight_legs.png",
		       "isImagePathExternal" : true,
		       "isTimeMode" : false,
		       "isVideoPathExternal" : true,
		       "name" : "vertical_leg_lift_straight_legs",
		       "orderNr" : -1,
		       "prepTime" : 5,
		       "repetitionCount" : 29,
		       "videoPath" : "file:///data/user/0/com.health.openworkout/files/My%20custom%20belly%20training/video/vertical_leg_lift_straight_legs.mp4",
		       "workoutItemId" : 0,
		       "workoutSessionId" : 0,
		       "workoutTime" : 30
		    },
		    {
		       "breakTime" : 30,
		       "description" : "chaturanga_dandasana with count 30 stress 1.2",
		       "elapsedTime" : 0,
		       "finished" : false,
		       "imagePath" : "file:///data/user/0/com.health.openworkout/files/My%20custom%20belly%20training/image/chaturanga_dandasana.png",
		       "isImagePathExternal" : true,
		       "isTimeMode" : true,
		       "isVideoPathExternal" : true,
		       "name" : "chaturanga_dandasana",
		       "orderNr" : -1,
		       "prepTime" : 5,
		       "repetitionCount" : 36,
		       "videoPath" : "file:///data/user/0/com.health.openworkout/files/My%20custom%20belly%20training/video/chaturanga_dandasana.mp4",
		       "workoutItemId" : 0,
		       "workoutSessionId" : 0,
		       "workoutTime" : 30
		    },
		    {
		       "breakTime" : 30,
		       "description" : "lunge_l with count 16 stress 1.2",
		       "elapsedTime" : 0,
		       "finished" : false,
		       "imagePath" : "file:///data/user/0/com.health.openworkout/files/My%20custom%20belly%20training/image/lunge_l.png",
		       "isImagePathExternal" : true,
		       "isTimeMode" : false,
		       "isVideoPathExternal" : true,
		       "name" : "lunge_l",
		       "orderNr" : -1,
		       "prepTime" : 5,
		       "repetitionCount" : 19,
		       "videoPath" : "file:///data/user/0/com.health.openworkout/files/My%20custom%20belly%20training/video/lunge_l.mp4",
		       "workoutItemId" : 0,
		       "workoutSessionId" : 0,
		       "workoutTime" : 30
		    },
		    {
		       "breakTime" : 30,
		       "description" : "lunge_r with count 16 stress 1.2",
		       "elapsedTime" : 0,
		       "finished" : false,
		       "imagePath" : "file:///data/user/0/com.health.openworkout/files/My%20custom%20belly%20training/image/lunge_r.png",
		       "isImagePathExternal" : true,
		       "isTimeMode" : false,
		       "isVideoPathExternal" : true,
		       "name" : "lunge_r",
		       "orderNr" : -1,
		       "prepTime" : 5,
		       "repetitionCount" : 19,
		       "videoPath" : "file:///data/user/0/com.health.openworkout/files/My%20custom%20belly%20training/video/lunge_r.mp4",
		       "workoutItemId" : 0,
		       "workoutSessionId" : 0,
		       "workoutTime" : 30
		    }
         ],
         "workoutSessionId" : 0
      },
      {
         "finished" : false,
         "name" : "11. day",
         "orderNr" : 10,
         "trainingPlanId" : 5,
         "workoutItems" : [
		    {
		       "breakTime" : 30,
		       "description" : "vertical_leg_lift_slowly_lower with count 16 stress 1.2",
		       "elapsedTime" : 0,
		       "finished" : false,
		       "imagePath" : "file:///data/user/0/com.health.openworkout/files/My%20custom%20belly%20training/image/vertical_leg_lift_slowly_lower.png",
		       "isImagePathExternal" : true,
		       "isTimeMode" : false,
		       "isVideoPathExternal" : true,
		       "name" : "vertical_leg_lift_slowly_lower",
		       "orderNr" : -1,
		       "prepTime" : 5,
		       "repetitionCount" : 19,
		       "videoPath" : "file:///data/user/0/com.health.openworkout/files/My%20custom%20belly%20training/video/vertical_leg_lift_slowly_lower.mp4",
		       "workoutItemId" : 0,
		       "workoutSessionId" : 0,
		       "workoutTime" : 30
		    },
		    {
		       "breakTime" : 30,
		       "description" : "squat_to_stand with count 24 stress 1.2",
		       "elapsedTime" : 0,
		       "finished" : false,
		       "imagePath" : "file:///data/user/0/com.health.openworkout/files/My%20custom%20belly%20training/image/squat_to_stand.png",
		       "isImagePathExternal" : true,
		       "isTimeMode" : false,
		       "isVideoPathExternal" : true,
		       "name" : "squat_to_stand",
		       "orderNr" : -1,
		       "prepTime" : 5,
		       "repetitionCount" : 29,
		       "videoPath" : "file:///data/user/0/com.health.openworkout/files/My%20custom%20belly%20training/video/squat_to_stand.mp4",
		       "workoutItemId" : 0,
		       "workoutSessionId" : 0,
		       "workoutTime" : 30
		    },
		    {
		       "breakTime" : 30,
		       "description" : "chair with count 30 stress 1.2",
		       "elapsedTime" : 0,
		       "finished" : false,
		       "imagePath" : "file:///data/user/0/com.health.openworkout/files/My%20custom%20belly%20training/image/chair.png",
		       "isImagePathExternal" : true,
		       "isTimeMode" : true,
		       "isVideoPathExternal" : true,
		       "name" : "chair",
		       "orderNr" : -1,
		       "prepTime" : 5,
		       "repetitionCount" : 36,
		       "videoPath" : "file:///data/user/0/com.health.openworkout/files/My%20custom%20belly%20training/video/chair.mp4",
		       "workoutItemId" : 0,
		       "workoutSessionId" : 0,
		       "workoutTime" : 30
		    },
		    {
		       "breakTime" : 30,
		       "description" : "mountain_climbers with count 16 stress 1.2",
		       "elapsedTime" : 0,
		       "finished" : false,
		       "imagePath" : "mountain_climbers.png",
		       "isImagePathExternal" : false,
		       "isTimeMode" : false,
		       "isVideoPathExternal" : false,
		       "name" : "mountain_climbers",
		       "orderNr" : -1,
		       "prepTime" : 5,
		       "repetitionCount" : 19,
		       "videoPath" : "mountain_climbers.mp4",
		       "workoutItemId" : 0,
		       "workoutSessionId" : 0,
		       "workoutTime" : 30
		    }
         ],
         "workoutSessionId" : 0
      },
      {
         "finished" : false,
         "name" : "12. day",
         "orderNr" : 11,
         "trainingPlanId" : 5,
         "workoutItems" : [
		    {
		       "breakTime" : 30,
		       "description" : "vertical_leg_lift_slow with count 16 stress 1.2",
		       "elapsedTime" : 0,
		       "finished" : false,
		       "imagePath" : "file:///data/user/0/com.health.openworkout/files/My%20custom%20belly%20training/image/vertical_leg_lift_slow.png",
		       "isImagePathExternal" : true,
		       "isTimeMode" : false,
		       "isVideoPathExternal" : true,
		       "name" : "vertical_leg_lift_slow",
		       "orderNr" : -1,
		       "prepTime" : 5,
		       "repetitionCount" : 19,
		       "videoPath" : "file:///data/user/0/com.health.openworkout/files/My%20custom%20belly%20training/video/vertical_leg_lift_slow.mp4",
		       "workoutItemId" : 0,
		       "workoutSessionId" : 0,
		       "workoutTime" : 30
		    },
		    {
		       "breakTime" : 30,
		       "description" : "lunge_kick_l with count 10 stress 1.2",
		       "elapsedTime" : 0,
		       "finished" : false,
		       "imagePath" : "file:///data/user/0/com.health.openworkout/files/My%20custom%20belly%20training/image/lunge_kick_l.png",
		       "isImagePathExternal" : true,
		       "isTimeMode" : false,
		       "isVideoPathExternal" : true,
		       "name" : "lunge_kick_l",
		       "orderNr" : -1,
		       "prepTime" : 5,
		       "repetitionCount" : 12,
		       "videoPath" : "file:///data/user/0/com.health.openworkout/files/My%20custom%20belly%20training/video/lunge_kick_l.mp4",
		       "workoutItemId" : 0,
		       "workoutSessionId" : 0,
		       "workoutTime" : 30
		    },
		    {
		       "breakTime" : 30,
		       "description" : "lunge_kick_r with count 10 stress 1.2",
		       "elapsedTime" : 0,
		       "finished" : false,
		       "imagePath" : "file:///data/user/0/com.health.openworkout/files/My%20custom%20belly%20training/image/lunge_kick_r.png",
		       "isImagePathExternal" : true,
		       "isTimeMode" : false,
		       "isVideoPathExternal" : true,
		       "name" : "lunge_kick_r",
		       "orderNr" : -1,
		       "prepTime" : 5,
		       "repetitionCount" : 12,
		       "videoPath" : "file:///data/user/0/com.health.openworkout/files/My%20custom%20belly%20training/video/lunge_kick_r.mp4",
		       "workoutItemId" : 0,
		       "workoutSessionId" : 0,
		       "workoutTime" : 30
		    },
		    {
		       "breakTime" : 30,
		       "description" : "elbow_plank with count 30 stress 1.2",
		       "elapsedTime" : 0,
		       "finished" : false,
		       "imagePath" : "file:///data/user/0/com.health.openworkout/files/My%20custom%20belly%20training/image/elbow_plank.png",
		       "isImagePathExternal" : true,
		       "isTimeMode" : true,
		       "isVideoPathExternal" : true,
		       "name" : "elbow_plank",
		       "orderNr" : -1,
		       "prepTime" : 5,
		       "repetitionCount" : 36,
		       "videoPath" : "file:///data/user/0/com.health.openworkout/files/My%20custom%20belly%20training/video/elbow_plank.mp4",
		       "workoutItemId" : 0,
		       "workoutSessionId" : 0,
		       "workoutTime" : 30
		    },
		    {
		       "breakTime" : 30,
		       "description" : "bird_dog with count 24 stress 1.2",
		       "elapsedTime" : 0,
		       "finished" : false,
		       "imagePath" : "file:///data/user/0/com.health.openworkout/files/My%20custom%20belly%20training/image/bird_dog.png",
		       "isImagePathExternal" : true,
		       "isTimeMode" : false,
		       "isVideoPathExternal" : true,
		       "name" : "bird_dog",
		       "orderNr" : -1,
		       "prepTime" : 5,
		       "repetitionCount" : 29,
		       "videoPath" : "file:///data/user/0/com.health.openworkout/files/My%20custom%20belly%20training/video/bird_dog.mp4",
		       "workoutItemId" : 0,
		       "workoutSessionId" : 0,
		       "workoutTime" : 30
		    }
         ],
         "workoutSessionId" : 0
      },
      {
         "finished" : false,
         "name" : "13. day",
         "orderNr" : 12,
         "trainingPlanId" : 5,
         "workoutItems" : [
		    {
		       "breakTime" : 30,
		       "description" : "reverse_crunch with count 24 stress 1.2",
		       "elapsedTime" : 0,
		       "finished" : false,
		       "imagePath" : "file:///data/user/0/com.health.openworkout/files/My%20custom%20belly%20training/image/reverse_crunch.png",
		       "isImagePathExternal" : true,
		       "isTimeMode" : false,
		       "isVideoPathExternal" : true,
		       "name" : "reverse_crunch",
		       "orderNr" : -1,
		       "prepTime" : 5,
		       "repetitionCount" : 29,
		       "videoPath" : "file:///data/user/0/com.health.openworkout/files/My%20custom%20belly%20training/video/reverse_crunch.mp4",
		       "workoutItemId" : 0,
		       "workoutSessionId" : 0,
		       "workoutTime" : 30
		    },
		    {
		       "breakTime" : 30,
		       "description" : "dolphin with count 30 stress 1.2",
		       "elapsedTime" : 0,
		       "finished" : false,
		       "imagePath" : "file:///data/user/0/com.health.openworkout/files/My%20custom%20belly%20training/image/dolphin.png",
		       "isImagePathExternal" : true,
		       "isTimeMode" : true,
		       "isVideoPathExternal" : true,
		       "name" : "dolphin",
		       "orderNr" : -1,
		       "prepTime" : 5,
		       "repetitionCount" : 36,
		       "videoPath" : "file:///data/user/0/com.health.openworkout/files/My%20custom%20belly%20training/video/dolphin.mp4",
		       "workoutItemId" : 0,
		       "workoutSessionId" : 0,
		       "workoutTime" : 30
		    }
         ],
         "workoutSessionId" : 0
      },
      {
         "finished" : false,
         "name" : "14. day",
         "orderNr" : 13,
         "trainingPlanId" : 5,
         "workoutItems" : [
         ],
         "workoutSessionId" : 0
      },
      {
         "finished" : false,
         "name" : "15. day",
         "orderNr" : 14,
         "trainingPlanId" : 5,
         "workoutItems" : [
         ],
         "workoutSessionId" : 0
      },
      {
         "finished" : false,
         "name" : "16. day",
         "orderNr" : 15,
         "trainingPlanId" : 5,
         "workoutItems" : [
         ],
         "workoutSessionId" : 0
      },
      {
         "finished" : false,
         "name" : "17. day",
         "orderNr" : 16,
         "trainingPlanId" : 5,
         "workoutItems" : [
		    {
		       "breakTime" : 30,
		       "description" : "high_knees with count 16 stress 1.4",
		       "elapsedTime" : 0,
		       "finished" : false,
		       "imagePath" : "high_knees.png",
		       "isImagePathExternal" : false,
		       "isTimeMode" : false,
		       "isVideoPathExternal" : false,
		       "name" : "high_knees",
		       "orderNr" : -1,
		       "prepTime" : 5,
		       "repetitionCount" : 22,
		       "videoPath" : "high_knees.mp4",
		       "workoutItemId" : 0,
		       "workoutSessionId" : 0,
		       "workoutTime" : 30
		    },
		    {
		       "breakTime" : 30,
		       "description" : "vertical_leg_lift_bend_knees with count 24 stress 1.4",
		       "elapsedTime" : 0,
		       "finished" : false,
		       "imagePath" : "file:///data/user/0/com.health.openworkout/files/My%20custom%20belly%20training/image/vertical_leg_lift_bend_knees.png",
		       "isImagePathExternal" : true,
		       "isTimeMode" : false,
		       "isVideoPathExternal" : true,
		       "name" : "vertical_leg_lift_bend_knees",
		       "orderNr" : -1,
		       "prepTime" : 5,
		       "repetitionCount" : 34,
		       "videoPath" : "file:///data/user/0/com.health.openworkout/files/My%20custom%20belly%20training/video/vertical_leg_lift_bend_knees.mp4",
		       "workoutItemId" : 0,
		       "workoutSessionId" : 0,
		       "workoutTime" : 30
		    },
		    {
		       "breakTime" : 30,
		       "description" : "plank with count 24 stress 1.4",
		       "elapsedTime" : 0,
		       "finished" : false,
		       "imagePath" : "plank.png",
		       "isImagePathExternal" : false,
		       "isTimeMode" : true,
		       "isVideoPathExternal" : false,
		       "name" : "plank",
		       "orderNr" : -1,
		       "prepTime" : 5,
		       "repetitionCount" : 34,
		       "videoPath" : "plank.mp4",
		       "workoutItemId" : 0,
		       "workoutSessionId" : 0,
		       "workoutTime" : 30
		    },
		    {
		       "breakTime" : 30,
		       "description" : "bicycle_crunch with count 30 stress 1.4",
		       "elapsedTime" : 0,
		       "finished" : false,
		       "imagePath" : "bicycle_crunch.png",
		       "isImagePathExternal" : false,
		       "isTimeMode" : false,
		       "isVideoPathExternal" : false,
		       "name" : "bicycle_crunch",
		       "orderNr" : -1,
		       "prepTime" : 5,
		       "repetitionCount" : 42,
		       "videoPath" : "bicycle_crunch.mp4",
		       "workoutItemId" : 0,
		       "workoutSessionId" : 0,
		       "workoutTime" : 30
		    }
         ],
         "workoutSessionId" : 0
      },
      {
         "finished" : false,
         "name" : "18. day",
         "orderNr" : 17,
         "trainingPlanId" : 5,
         "workoutItems" : [
		    {
		       "breakTime" : 30,
		       "description" : "abdonminal_crunch with count 30 stress 1.4",
		       "elapsedTime" : 0,
		       "finished" : false,
		       "imagePath" : "abdonminal_crunch.png",
		       "isImagePathExternal" : false,
		       "isTimeMode" : false,
		       "isVideoPathExternal" : false,
		       "name" : "abdonminal_crunch",
		       "orderNr" : -1,
		       "prepTime" : 5,
		       "repetitionCount" : 42,
		       "videoPath" : "abdonminal_crunch.mp4",
		       "workoutItemId" : 0,
		       "workoutSessionId" : 0,
		       "workoutTime" : 30
		    },
		    {
		       "breakTime" : 30,
		       "description" : "vertical_leg_lift_straight_legs with count 24 stress 1.4",
		       "elapsedTime" : 0,
		       "finished" : false,
		       "imagePath" : "file:///data/user/0/com.health.openworkout/files/My%20custom%20belly%20training/image/vertical_leg_lift_straight_legs.png",
		       "isImagePathExternal" : true,
		       "isTimeMode" : false,
		       "isVideoPathExternal" : true,
		       "name" : "vertical_leg_lift_straight_legs",
		       "orderNr" : -1,
		       "prepTime" : 5,
		       "repetitionCount" : 34,
		       "videoPath" : "file:///data/user/0/com.health.openworkout/files/My%20custom%20belly%20training/video/vertical_leg_lift_straight_legs.mp4",
		       "workoutItemId" : 0,
		       "workoutSessionId" : 0,
		       "workoutTime" : 30
		    },
		    {
		       "breakTime" : 30,
		       "description" : "chaturanga_dandasana with count 30 stress 1.4",
		       "elapsedTime" : 0,
		       "finished" : false,
		       "imagePath" : "file:///data/user/0/com.health.openworkout/files/My%20custom%20belly%20training/image/chaturanga_dandasana.png",
		       "isImagePathExternal" : true,
		       "isTimeMode" : true,
		       "isVideoPathExternal" : true,
		       "name" : "chaturanga_dandasana",
		       "orderNr" : -1,
		       "prepTime" : 5,
		       "repetitionCount" : 42,
		       "videoPath" : "file:///data/user/0/com.health.openworkout/files/My%20custom%20belly%20training/video/chaturanga_dandasana.mp4",
		       "workoutItemId" : 0,
		       "workoutSessionId" : 0,
		       "workoutTime" : 30
		    },
		    {
		       "breakTime" : 30,
		       "description" : "lunge_l with count 16 stress 1.4",
		       "elapsedTime" : 0,
		       "finished" : false,
		       "imagePath" : "file:///data/user/0/com.health.openworkout/files/My%20custom%20belly%20training/image/lunge_l.png",
		       "isImagePathExternal" : true,
		       "isTimeMode" : false,
		       "isVideoPathExternal" : true,
		       "name" : "lunge_l",
		       "orderNr" : -1,
		       "prepTime" : 5,
		       "repetitionCount" : 22,
		       "videoPath" : "file:///data/user/0/com.health.openworkout/files/My%20custom%20belly%20training/video/lunge_l.mp4",
		       "workoutItemId" : 0,
		       "workoutSessionId" : 0,
		       "workoutTime" : 30
		    },
		    {
		       "breakTime" : 30,
		       "description" : "lunge_r with count 16 stress 1.4",
		       "elapsedTime" : 0,
		       "finished" : false,
		       "imagePath" : "file:///data/user/0/com.health.openworkout/files/My%20custom%20belly%20training/image/lunge_r.png",
		       "isImagePathExternal" : true,
		       "isTimeMode" : false,
		       "isVideoPathExternal" : true,
		       "name" : "lunge_r",
		       "orderNr" : -1,
		       "prepTime" : 5,
		       "repetitionCount" : 22,
		       "videoPath" : "file:///data/user/0/com.health.openworkout/files/My%20custom%20belly%20training/video/lunge_r.mp4",
		       "workoutItemId" : 0,
		       "workoutSessionId" : 0,
		       "workoutTime" : 30
		    }
         ],
         "workoutSessionId" : 0
      },
      {
         "finished" : false,
         "name" : "19. day",
         "orderNr" : 18,
         "trainingPlanId" : 5,
         "workoutItems" : [
		    {
		       "breakTime" : 30,
		       "description" : "vertical_leg_lift_slowly_lower with count 16 stress 1.4",
		       "elapsedTime" : 0,
		       "finished" : false,
		       "imagePath" : "file:///data/user/0/com.health.openworkout/files/My%20custom%20belly%20training/image/vertical_leg_lift_slowly_lower.png",
		       "isImagePathExternal" : true,
		       "isTimeMode" : false,
		       "isVideoPathExternal" : true,
		       "name" : "vertical_leg_lift_slowly_lower",
		       "orderNr" : -1,
		       "prepTime" : 5,
		       "repetitionCount" : 22,
		       "videoPath" : "file:///data/user/0/com.health.openworkout/files/My%20custom%20belly%20training/video/vertical_leg_lift_slowly_lower.mp4",
		       "workoutItemId" : 0,
		       "workoutSessionId" : 0,
		       "workoutTime" : 30
		    },
		    {
		       "breakTime" : 30,
		       "description" : "squat_to_stand with count 24 stress 1.4",
		       "elapsedTime" : 0,
		       "finished" : false,
		       "imagePath" : "file:///data/user/0/com.health.openworkout/files/My%20custom%20belly%20training/image/squat_to_stand.png",
		       "isImagePathExternal" : true,
		       "isTimeMode" : false,
		       "isVideoPathExternal" : true,
		       "name" : "squat_to_stand",
		       "orderNr" : -1,
		       "prepTime" : 5,
		       "repetitionCount" : 34,
		       "videoPath" : "file:///data/user/0/com.health.openworkout/files/My%20custom%20belly%20training/video/squat_to_stand.mp4",
		       "workoutItemId" : 0,
		       "workoutSessionId" : 0,
		       "workoutTime" : 30
		    },
		    {
		       "breakTime" : 30,
		       "description" : "chair with count 30 stress 1.4",
		       "elapsedTime" : 0,
		       "finished" : false,
		       "imagePath" : "file:///data/user/0/com.health.openworkout/files/My%20custom%20belly%20training/image/chair.png",
		       "isImagePathExternal" : true,
		       "isTimeMode" : true,
		       "isVideoPathExternal" : true,
		       "name" : "chair",
		       "orderNr" : -1,
		       "prepTime" : 5,
		       "repetitionCount" : 42,
		       "videoPath" : "file:///data/user/0/com.health.openworkout/files/My%20custom%20belly%20training/video/chair.mp4",
		       "workoutItemId" : 0,
		       "workoutSessionId" : 0,
		       "workoutTime" : 30
		    },
		    {
		       "breakTime" : 30,
		       "description" : "mountain_climbers with count 16 stress 1.4",
		       "elapsedTime" : 0,
		       "finished" : false,
		       "imagePath" : "mountain_climbers.png",
		       "isImagePathExternal" : false,
		       "isTimeMode" : false,
		       "isVideoPathExternal" : false,
		       "name" : "mountain_climbers",
		       "orderNr" : -1,
		       "prepTime" : 5,
		       "repetitionCount" : 22,
		       "videoPath" : "mountain_climbers.mp4",
		       "workoutItemId" : 0,
		       "workoutSessionId" : 0,
		       "workoutTime" : 30
		    }
         ],
         "workoutSessionId" : 0
      },
      {
         "finished" : false,
         "name" : "20. day",
         "orderNr" : 19,
         "trainingPlanId" : 5,
         "workoutItems" : [
		    {
		       "breakTime" : 30,
		       "description" : "vertical_leg_lift_slow with count 16 stress 1.4",
		       "elapsedTime" : 0,
		       "finished" : false,
		       "imagePath" : "file:///data/user/0/com.health.openworkout/files/My%20custom%20belly%20training/image/vertical_leg_lift_slow.png",
		       "isImagePathExternal" : true,
		       "isTimeMode" : false,
		       "isVideoPathExternal" : true,
		       "name" : "vertical_leg_lift_slow",
		       "orderNr" : -1,
		       "prepTime" : 5,
		       "repetitionCount" : 22,
		       "videoPath" : "file:///data/user/0/com.health.openworkout/files/My%20custom%20belly%20training/video/vertical_leg_lift_slow.mp4",
		       "workoutItemId" : 0,
		       "workoutSessionId" : 0,
		       "workoutTime" : 30
		    },
		    {
		       "breakTime" : 30,
		       "description" : "lunge_kick_l with count 10 stress 1.4",
		       "elapsedTime" : 0,
		       "finished" : false,
		       "imagePath" : "file:///data/user/0/com.health.openworkout/files/My%20custom%20belly%20training/image/lunge_kick_l.png",
		       "isImagePathExternal" : true,
		       "isTimeMode" : false,
		       "isVideoPathExternal" : true,
		       "name" : "lunge_kick_l",
		       "orderNr" : -1,
		       "prepTime" : 5,
		       "repetitionCount" : 14,
		       "videoPath" : "file:///data/user/0/com.health.openworkout/files/My%20custom%20belly%20training/video/lunge_kick_l.mp4",
		       "workoutItemId" : 0,
		       "workoutSessionId" : 0,
		       "workoutTime" : 30
		    },
		    {
		       "breakTime" : 30,
		       "description" : "lunge_kick_r with count 10 stress 1.4",
		       "elapsedTime" : 0,
		       "finished" : false,
		       "imagePath" : "file:///data/user/0/com.health.openworkout/files/My%20custom%20belly%20training/image/lunge_kick_r.png",
		       "isImagePathExternal" : true,
		       "isTimeMode" : false,
		       "isVideoPathExternal" : true,
		       "name" : "lunge_kick_r",
		       "orderNr" : -1,
		       "prepTime" : 5,
		       "repetitionCount" : 14,
		       "videoPath" : "file:///data/user/0/com.health.openworkout/files/My%20custom%20belly%20training/video/lunge_kick_r.mp4",
		       "workoutItemId" : 0,
		       "workoutSessionId" : 0,
		       "workoutTime" : 30
		    },
		    {
		       "breakTime" : 30,
		       "description" : "elbow_plank with count 30 stress 1.4",
		       "elapsedTime" : 0,
		       "finished" : false,
		       "imagePath" : "file:///data/user/0/com.health.openworkout/files/My%20custom%20belly%20training/image/elbow_plank.png",
		       "isImagePathExternal" : true,
		       "isTimeMode" : true,
		       "isVideoPathExternal" : true,
		       "name" : "elbow_plank",
		       "orderNr" : -1,
		       "prepTime" : 5,
		       "repetitionCount" : 42,
		       "videoPath" : "file:///data/user/0/com.health.openworkout/files/My%20custom%20belly%20training/video/elbow_plank.mp4",
		       "workoutItemId" : 0,
		       "workoutSessionId" : 0,
		       "workoutTime" : 30
		    },
		    {
		       "breakTime" : 30,
		       "description" : "bird_dog with count 24 stress 1.4",
		       "elapsedTime" : 0,
		       "finished" : false,
		       "imagePath" : "file:///data/user/0/com.health.openworkout/files/My%20custom%20belly%20training/image/bird_dog.png",
		       "isImagePathExternal" : true,
		       "isTimeMode" : false,
		       "isVideoPathExternal" : true,
		       "name" : "bird_dog",
		       "orderNr" : -1,
		       "prepTime" : 5,
		       "repetitionCount" : 34,
		       "videoPath" : "file:///data/user/0/com.health.openworkout/files/My%20custom%20belly%20training/video/bird_dog.mp4",
		       "workoutItemId" : 0,
		       "workoutSessionId" : 0,
		       "workoutTime" : 30
		    }
         ],
         "workoutSessionId" : 0
      },
      {
         "finished" : false,
         "name" : "21. day",
         "orderNr" : 20,
         "trainingPlanId" : 5,
         "workoutItems" : [
		    {
		       "breakTime" : 30,
		       "description" : "reverse_crunch with count 24 stress 1.4",
		       "elapsedTime" : 0,
		       "finished" : false,
		       "imagePath" : "file:///data/user/0/com.health.openworkout/files/My%20custom%20belly%20training/image/reverse_crunch.png",
		       "isImagePathExternal" : true,
		       "isTimeMode" : false,
		       "isVideoPathExternal" : true,
		       "name" : "reverse_crunch",
		       "orderNr" : -1,
		       "prepTime" : 5,
		       "repetitionCount" : 34,
		       "videoPath" : "file:///data/user/0/com.health.openworkout/files/My%20custom%20belly%20training/video/reverse_crunch.mp4",
		       "workoutItemId" : 0,
		       "workoutSessionId" : 0,
		       "workoutTime" : 30
		    },
		    {
		       "breakTime" : 30,
		       "description" : "dolphin with count 30 stress 1.4",
		       "elapsedTime" : 0,
		       "finished" : false,
		       "imagePath" : "file:///data/user/0/com.health.openworkout/files/My%20custom%20belly%20training/image/dolphin.png",
		       "isImagePathExternal" : true,
		       "isTimeMode" : true,
		       "isVideoPathExternal" : true,
		       "name" : "dolphin",
		       "orderNr" : -1,
		       "prepTime" : 5,
		       "repetitionCount" : 42,
		       "videoPath" : "file:///data/user/0/com.health.openworkout/files/My%20custom%20belly%20training/video/dolphin.mp4",
		       "workoutItemId" : 0,
		       "workoutSessionId" : 0,
		       "workoutTime" : 30
		    }
         ],
         "workoutSessionId" : 0
      },
      {
         "finished" : false,
         "name" : "22. day",
         "orderNr" : 21,
         "trainingPlanId" : 5,
         "workoutItems" : [
         ],
         "workoutSessionId" : 0
      }
   ]
}
