{
   "countFinishedTraining" : 0,
   "imagePath" : "file:///data/user/0/com.health.openworkout/files/My%20custom%20diet%20training/image/logo.png",
   "isImagePathExternal" : true,
   "name" : "My custom diet training",
   "orderNr" : 0,
   "trainingPlanId" : 0,
   "workoutSessions" : [
      {
         "finished" : false,
         "name" : "1. day",
         "orderNr" : 0,
         "trainingPlanId" : 5,
         "workoutItems" : [
		    {
		       "breakTime" : 30,
		       "description" : "low_crunch with count 15 stress 1.0",
		       "elapsedTime" : 0,
		       "finished" : false,
		       "imagePath" : "file:///data/user/0/com.health.openworkout/files/My%20custom%20diet%20training/image/low_crunch.png",
		       "isImagePathExternal" : true,
		       "isTimeMode" : false,
		       "isVideoPathExternal" : true,
		       "name" : "low_crunch",
		       "orderNr" : -1,
		       "prepTime" : 5,
		       "repetitionCount" : 15,
		       "videoPath" : "file:///data/user/0/com.health.openworkout/files/My%20custom%20diet%20training/video/low_crunch.mp4",
		       "workoutItemId" : 0,
		       "workoutSessionId" : 0,
		       "workoutTime" : 30
		    },
		    {
		       "breakTime" : 30,
		       "description" : "sit_ups with count 15 stress 1.0",
		       "elapsedTime" : 0,
		       "finished" : false,
		       "imagePath" : "file:///data/user/0/com.health.openworkout/files/My%20custom%20diet%20training/image/sit_ups.png",
		       "isImagePathExternal" : true,
		       "isTimeMode" : false,
		       "isVideoPathExternal" : true,
		       "name" : "sit_ups",
		       "orderNr" : -1,
		       "prepTime" : 5,
		       "repetitionCount" : 15,
		       "videoPath" : "file:///data/user/0/com.health.openworkout/files/My%20custom%20diet%20training/video/sit_ups.mp4",
		       "workoutItemId" : 0,
		       "workoutSessionId" : 0,
		       "workoutTime" : 30
		    },
		    {
		       "breakTime" : 30,
		       "description" : "deep_squat with count 15 stress 1.0",
		       "elapsedTime" : 0,
		       "finished" : false,
		       "imagePath" : "file:///data/user/0/com.health.openworkout/files/My%20custom%20diet%20training/image/deep_squat.png",
		       "isImagePathExternal" : true,
		       "isTimeMode" : false,
		       "isVideoPathExternal" : true,
		       "name" : "deep_squat",
		       "orderNr" : -1,
		       "prepTime" : 5,
		       "repetitionCount" : 15,
		       "videoPath" : "file:///data/user/0/com.health.openworkout/files/My%20custom%20diet%20training/video/deep_squat.mp4",
		       "workoutItemId" : 0,
		       "workoutSessionId" : 0,
		       "workoutTime" : 30
		    },
		    {
		       "breakTime" : 30,
		       "description" : "supine_twist_l with count 10 stress 1.0",
		       "elapsedTime" : 0,
		       "finished" : false,
		       "imagePath" : "file:///data/user/0/com.health.openworkout/files/My%20custom%20diet%20training/image/supine_twist_l.png",
		       "isImagePathExternal" : true,
		       "isTimeMode" : false,
		       "isVideoPathExternal" : true,
		       "name" : "supine_twist_l",
		       "orderNr" : -1,
		       "prepTime" : 5,
		       "repetitionCount" : 10,
		       "videoPath" : "file:///data/user/0/com.health.openworkout/files/My%20custom%20diet%20training/video/supine_twist_l.mp4",
		       "workoutItemId" : 0,
		       "workoutSessionId" : 0,
		       "workoutTime" : 30
		    },
		    {
		       "breakTime" : 30,
		       "description" : "supine_twist_r with count 10 stress 1.0",
		       "elapsedTime" : 0,
		       "finished" : false,
		       "imagePath" : "file:///data/user/0/com.health.openworkout/files/My%20custom%20diet%20training/image/supine_twist_r.png",
		       "isImagePathExternal" : true,
		       "isTimeMode" : false,
		       "isVideoPathExternal" : true,
		       "name" : "supine_twist_r",
		       "orderNr" : -1,
		       "prepTime" : 5,
		       "repetitionCount" : 10,
		       "videoPath" : "file:///data/user/0/com.health.openworkout/files/My%20custom%20diet%20training/video/supine_twist_r.mp4",
		       "workoutItemId" : 0,
		       "workoutSessionId" : 0,
		       "workoutTime" : 30
		    },
		    {
		       "breakTime" : 30,
		       "description" : "cobra_pose with count 10 stress 1.0",
		       "elapsedTime" : 0,
		       "finished" : false,
		       "imagePath" : "file:///data/user/0/com.health.openworkout/files/My%20custom%20diet%20training/image/cobra_pose.png",
		       "isImagePathExternal" : true,
		       "isTimeMode" : true,
		       "isVideoPathExternal" : true,
		       "name" : "cobra_pose",
		       "orderNr" : -1,
		       "prepTime" : 5,
		       "repetitionCount" : 10,
		       "videoPath" : "file:///data/user/0/com.health.openworkout/files/My%20custom%20diet%20training/video/cobra_pose.mp4",
		       "workoutItemId" : 0,
		       "workoutSessionId" : 0,
		       "workoutTime" : 30
		    },
		    {
		       "breakTime" : 30,
		       "description" : "wind_relieving_pose with count 20 stress 1.0",
		       "elapsedTime" : 0,
		       "finished" : false,
		       "imagePath" : "file:///data/user/0/com.health.openworkout/files/My%20custom%20diet%20training/image/wind_relieving_pose.png",
		       "isImagePathExternal" : true,
		       "isTimeMode" : true,
		       "isVideoPathExternal" : true,
		       "name" : "wind_relieving_pose",
		       "orderNr" : -1,
		       "prepTime" : 5,
		       "repetitionCount" : 20,
		       "videoPath" : "file:///data/user/0/com.health.openworkout/files/My%20custom%20diet%20training/video/wind_relieving_pose.mp4",
		       "workoutItemId" : 0,
		       "workoutSessionId" : 0,
		       "workoutTime" : 30
		    }
         ],
         "workoutSessionId" : 0
      },
      {
         "finished" : false,
         "name" : "2. day",
         "orderNr" : 1,
         "trainingPlanId" : 5,
         "workoutItems" : [
         ],
         "workoutSessionId" : 0
      },
      {
         "finished" : false,
         "name" : "3. day",
         "orderNr" : 2,
         "trainingPlanId" : 5,
         "workoutItems" : [
         ],
         "workoutSessionId" : 0
      },
      {
         "finished" : false,
         "name" : "4. day",
         "orderNr" : 3,
         "trainingPlanId" : 5,
         "workoutItems" : [
         ],
         "workoutSessionId" : 0
      },
      {
         "finished" : false,
         "name" : "5. day",
         "orderNr" : 4,
         "trainingPlanId" : 5,
         "workoutItems" : [
         ],
         "workoutSessionId" : 0
      },
      {
         "finished" : false,
         "name" : "6. day",
         "orderNr" : 5,
         "trainingPlanId" : 5,
         "workoutItems" : [
         ],
         "workoutSessionId" : 0
      },
      {
         "finished" : false,
         "name" : "7. day",
         "orderNr" : 6,
         "trainingPlanId" : 5,
         "workoutItems" : [
         ],
         "workoutSessionId" : 0
      },
      {
         "finished" : false,
         "name" : "8. day",
         "orderNr" : 7,
         "trainingPlanId" : 5,
         "workoutItems" : [
         ],
         "workoutSessionId" : 0
      },
      {
         "finished" : false,
         "name" : "9. day",
         "orderNr" : 8,
         "trainingPlanId" : 5,
         "workoutItems" : [
		    {
		       "breakTime" : 30,
		       "description" : "low_crunch with count 15 stress 1.2",
		       "elapsedTime" : 0,
		       "finished" : false,
		       "imagePath" : "file:///data/user/0/com.health.openworkout/files/My%20custom%20diet%20training/image/low_crunch.png",
		       "isImagePathExternal" : true,
		       "isTimeMode" : false,
		       "isVideoPathExternal" : true,
		       "name" : "low_crunch",
		       "orderNr" : -1,
		       "prepTime" : 5,
		       "repetitionCount" : 18,
		       "videoPath" : "file:///data/user/0/com.health.openworkout/files/My%20custom%20diet%20training/video/low_crunch.mp4",
		       "workoutItemId" : 0,
		       "workoutSessionId" : 0,
		       "workoutTime" : 30
		    },
		    {
		       "breakTime" : 30,
		       "description" : "sit_ups with count 15 stress 1.2",
		       "elapsedTime" : 0,
		       "finished" : false,
		       "imagePath" : "file:///data/user/0/com.health.openworkout/files/My%20custom%20diet%20training/image/sit_ups.png",
		       "isImagePathExternal" : true,
		       "isTimeMode" : false,
		       "isVideoPathExternal" : true,
		       "name" : "sit_ups",
		       "orderNr" : -1,
		       "prepTime" : 5,
		       "repetitionCount" : 18,
		       "videoPath" : "file:///data/user/0/com.health.openworkout/files/My%20custom%20diet%20training/video/sit_ups.mp4",
		       "workoutItemId" : 0,
		       "workoutSessionId" : 0,
		       "workoutTime" : 30
		    },
		    {
		       "breakTime" : 30,
		       "description" : "deep_squat with count 15 stress 1.2",
		       "elapsedTime" : 0,
		       "finished" : false,
		       "imagePath" : "file:///data/user/0/com.health.openworkout/files/My%20custom%20diet%20training/image/deep_squat.png",
		       "isImagePathExternal" : true,
		       "isTimeMode" : false,
		       "isVideoPathExternal" : true,
		       "name" : "deep_squat",
		       "orderNr" : -1,
		       "prepTime" : 5,
		       "repetitionCount" : 18,
		       "videoPath" : "file:///data/user/0/com.health.openworkout/files/My%20custom%20diet%20training/video/deep_squat.mp4",
		       "workoutItemId" : 0,
		       "workoutSessionId" : 0,
		       "workoutTime" : 30
		    },
		    {
		       "breakTime" : 30,
		       "description" : "supine_twist_l with count 10 stress 1.2",
		       "elapsedTime" : 0,
		       "finished" : false,
		       "imagePath" : "file:///data/user/0/com.health.openworkout/files/My%20custom%20diet%20training/image/supine_twist_l.png",
		       "isImagePathExternal" : true,
		       "isTimeMode" : false,
		       "isVideoPathExternal" : true,
		       "name" : "supine_twist_l",
		       "orderNr" : -1,
		       "prepTime" : 5,
		       "repetitionCount" : 12,
		       "videoPath" : "file:///data/user/0/com.health.openworkout/files/My%20custom%20diet%20training/video/supine_twist_l.mp4",
		       "workoutItemId" : 0,
		       "workoutSessionId" : 0,
		       "workoutTime" : 30
		    },
		    {
		       "breakTime" : 30,
		       "description" : "supine_twist_r with count 10 stress 1.2",
		       "elapsedTime" : 0,
		       "finished" : false,
		       "imagePath" : "file:///data/user/0/com.health.openworkout/files/My%20custom%20diet%20training/image/supine_twist_r.png",
		       "isImagePathExternal" : true,
		       "isTimeMode" : false,
		       "isVideoPathExternal" : true,
		       "name" : "supine_twist_r",
		       "orderNr" : -1,
		       "prepTime" : 5,
		       "repetitionCount" : 12,
		       "videoPath" : "file:///data/user/0/com.health.openworkout/files/My%20custom%20diet%20training/video/supine_twist_r.mp4",
		       "workoutItemId" : 0,
		       "workoutSessionId" : 0,
		       "workoutTime" : 30
		    },
		    {
		       "breakTime" : 30,
		       "description" : "cobra_pose with count 10 stress 1.2",
		       "elapsedTime" : 0,
		       "finished" : false,
		       "imagePath" : "file:///data/user/0/com.health.openworkout/files/My%20custom%20diet%20training/image/cobra_pose.png",
		       "isImagePathExternal" : true,
		       "isTimeMode" : true,
		       "isVideoPathExternal" : true,
		       "name" : "cobra_pose",
		       "orderNr" : -1,
		       "prepTime" : 5,
		       "repetitionCount" : 12,
		       "videoPath" : "file:///data/user/0/com.health.openworkout/files/My%20custom%20diet%20training/video/cobra_pose.mp4",
		       "workoutItemId" : 0,
		       "workoutSessionId" : 0,
		       "workoutTime" : 30
		    },
		    {
		       "breakTime" : 30,
		       "description" : "wind_relieving_pose with count 20 stress 1.2",
		       "elapsedTime" : 0,
		       "finished" : false,
		       "imagePath" : "file:///data/user/0/com.health.openworkout/files/My%20custom%20diet%20training/image/wind_relieving_pose.png",
		       "isImagePathExternal" : true,
		       "isTimeMode" : true,
		       "isVideoPathExternal" : true,
		       "name" : "wind_relieving_pose",
		       "orderNr" : -1,
		       "prepTime" : 5,
		       "repetitionCount" : 24,
		       "videoPath" : "file:///data/user/0/com.health.openworkout/files/My%20custom%20diet%20training/video/wind_relieving_pose.mp4",
		       "workoutItemId" : 0,
		       "workoutSessionId" : 0,
		       "workoutTime" : 30
		    }
         ],
         "workoutSessionId" : 0
      },
      {
         "finished" : false,
         "name" : "10. day",
         "orderNr" : 9,
         "trainingPlanId" : 5,
         "workoutItems" : [
         ],
         "workoutSessionId" : 0
      },
      {
         "finished" : false,
         "name" : "11. day",
         "orderNr" : 10,
         "trainingPlanId" : 5,
         "workoutItems" : [
         ],
         "workoutSessionId" : 0
      },
      {
         "finished" : false,
         "name" : "12. day",
         "orderNr" : 11,
         "trainingPlanId" : 5,
         "workoutItems" : [
         ],
         "workoutSessionId" : 0
      },
      {
         "finished" : false,
         "name" : "13. day",
         "orderNr" : 12,
         "trainingPlanId" : 5,
         "workoutItems" : [
         ],
         "workoutSessionId" : 0
      },
      {
         "finished" : false,
         "name" : "14. day",
         "orderNr" : 13,
         "trainingPlanId" : 5,
         "workoutItems" : [
         ],
         "workoutSessionId" : 0
      },
      {
         "finished" : false,
         "name" : "15. day",
         "orderNr" : 14,
         "trainingPlanId" : 5,
         "workoutItems" : [
         ],
         "workoutSessionId" : 0
      },
      {
         "finished" : false,
         "name" : "16. day",
         "orderNr" : 15,
         "trainingPlanId" : 5,
         "workoutItems" : [
         ],
         "workoutSessionId" : 0
      },
      {
         "finished" : false,
         "name" : "17. day",
         "orderNr" : 16,
         "trainingPlanId" : 5,
         "workoutItems" : [
		    {
		       "breakTime" : 30,
		       "description" : "low_crunch with count 15 stress 1.4",
		       "elapsedTime" : 0,
		       "finished" : false,
		       "imagePath" : "file:///data/user/0/com.health.openworkout/files/My%20custom%20diet%20training/image/low_crunch.png",
		       "isImagePathExternal" : true,
		       "isTimeMode" : false,
		       "isVideoPathExternal" : true,
		       "name" : "low_crunch",
		       "orderNr" : -1,
		       "prepTime" : 5,
		       "repetitionCount" : 21,
		       "videoPath" : "file:///data/user/0/com.health.openworkout/files/My%20custom%20diet%20training/video/low_crunch.mp4",
		       "workoutItemId" : 0,
		       "workoutSessionId" : 0,
		       "workoutTime" : 30
		    },
		    {
		       "breakTime" : 30,
		       "description" : "sit_ups with count 15 stress 1.4",
		       "elapsedTime" : 0,
		       "finished" : false,
		       "imagePath" : "file:///data/user/0/com.health.openworkout/files/My%20custom%20diet%20training/image/sit_ups.png",
		       "isImagePathExternal" : true,
		       "isTimeMode" : false,
		       "isVideoPathExternal" : true,
		       "name" : "sit_ups",
		       "orderNr" : -1,
		       "prepTime" : 5,
		       "repetitionCount" : 21,
		       "videoPath" : "file:///data/user/0/com.health.openworkout/files/My%20custom%20diet%20training/video/sit_ups.mp4",
		       "workoutItemId" : 0,
		       "workoutSessionId" : 0,
		       "workoutTime" : 30
		    },
		    {
		       "breakTime" : 30,
		       "description" : "deep_squat with count 15 stress 1.4",
		       "elapsedTime" : 0,
		       "finished" : false,
		       "imagePath" : "file:///data/user/0/com.health.openworkout/files/My%20custom%20diet%20training/image/deep_squat.png",
		       "isImagePathExternal" : true,
		       "isTimeMode" : false,
		       "isVideoPathExternal" : true,
		       "name" : "deep_squat",
		       "orderNr" : -1,
		       "prepTime" : 5,
		       "repetitionCount" : 21,
		       "videoPath" : "file:///data/user/0/com.health.openworkout/files/My%20custom%20diet%20training/video/deep_squat.mp4",
		       "workoutItemId" : 0,
		       "workoutSessionId" : 0,
		       "workoutTime" : 30
		    },
		    {
		       "breakTime" : 30,
		       "description" : "supine_twist_l with count 10 stress 1.4",
		       "elapsedTime" : 0,
		       "finished" : false,
		       "imagePath" : "file:///data/user/0/com.health.openworkout/files/My%20custom%20diet%20training/image/supine_twist_l.png",
		       "isImagePathExternal" : true,
		       "isTimeMode" : false,
		       "isVideoPathExternal" : true,
		       "name" : "supine_twist_l",
		       "orderNr" : -1,
		       "prepTime" : 5,
		       "repetitionCount" : 14,
		       "videoPath" : "file:///data/user/0/com.health.openworkout/files/My%20custom%20diet%20training/video/supine_twist_l.mp4",
		       "workoutItemId" : 0,
		       "workoutSessionId" : 0,
		       "workoutTime" : 30
		    },
		    {
		       "breakTime" : 30,
		       "description" : "supine_twist_r with count 10 stress 1.4",
		       "elapsedTime" : 0,
		       "finished" : false,
		       "imagePath" : "file:///data/user/0/com.health.openworkout/files/My%20custom%20diet%20training/image/supine_twist_r.png",
		       "isImagePathExternal" : true,
		       "isTimeMode" : false,
		       "isVideoPathExternal" : true,
		       "name" : "supine_twist_r",
		       "orderNr" : -1,
		       "prepTime" : 5,
		       "repetitionCount" : 14,
		       "videoPath" : "file:///data/user/0/com.health.openworkout/files/My%20custom%20diet%20training/video/supine_twist_r.mp4",
		       "workoutItemId" : 0,
		       "workoutSessionId" : 0,
		       "workoutTime" : 30
		    },
		    {
		       "breakTime" : 30,
		       "description" : "cobra_pose with count 10 stress 1.4",
		       "elapsedTime" : 0,
		       "finished" : false,
		       "imagePath" : "file:///data/user/0/com.health.openworkout/files/My%20custom%20diet%20training/image/cobra_pose.png",
		       "isImagePathExternal" : true,
		       "isTimeMode" : true,
		       "isVideoPathExternal" : true,
		       "name" : "cobra_pose",
		       "orderNr" : -1,
		       "prepTime" : 5,
		       "repetitionCount" : 14,
		       "videoPath" : "file:///data/user/0/com.health.openworkout/files/My%20custom%20diet%20training/video/cobra_pose.mp4",
		       "workoutItemId" : 0,
		       "workoutSessionId" : 0,
		       "workoutTime" : 30
		    },
		    {
		       "breakTime" : 30,
		       "description" : "wind_relieving_pose with count 20 stress 1.4",
		       "elapsedTime" : 0,
		       "finished" : false,
		       "imagePath" : "file:///data/user/0/com.health.openworkout/files/My%20custom%20diet%20training/image/wind_relieving_pose.png",
		       "isImagePathExternal" : true,
		       "isTimeMode" : true,
		       "isVideoPathExternal" : true,
		       "name" : "wind_relieving_pose",
		       "orderNr" : -1,
		       "prepTime" : 5,
		       "repetitionCount" : 28,
		       "videoPath" : "file:///data/user/0/com.health.openworkout/files/My%20custom%20diet%20training/video/wind_relieving_pose.mp4",
		       "workoutItemId" : 0,
		       "workoutSessionId" : 0,
		       "workoutTime" : 30
		    }
         ],
         "workoutSessionId" : 0
      },
      {
         "finished" : false,
         "name" : "18. day",
         "orderNr" : 17,
         "trainingPlanId" : 5,
         "workoutItems" : [
         ],
         "workoutSessionId" : 0
      },
      {
         "finished" : false,
         "name" : "19. day",
         "orderNr" : 18,
         "trainingPlanId" : 5,
         "workoutItems" : [
         ],
         "workoutSessionId" : 0
      },
      {
         "finished" : false,
         "name" : "20. day",
         "orderNr" : 19,
         "trainingPlanId" : 5,
         "workoutItems" : [
         ],
         "workoutSessionId" : 0
      },
      {
         "finished" : false,
         "name" : "21. day",
         "orderNr" : 20,
         "trainingPlanId" : 5,
         "workoutItems" : [
         ],
         "workoutSessionId" : 0
      },
      {
         "finished" : false,
         "name" : "22. day",
         "orderNr" : 21,
         "trainingPlanId" : 5,
         "workoutItems" : [
         ],
         "workoutSessionId" : 0
      }
   ]
}
